1050,Block Printed Ghicha Tussar Silk Saree - Thamboori Silks, tussar silk saree 
1049,Hand Mirror by designer Padma - Handcrafted wooden hand mirror with tanjore work will easily fit even in your tiny handbag and clutch,woodwork mirror handicraft 
1048,Checkered Design Table Lamp Shade - 48Holy , lamps home-and-interior
1047,Square Shaped Table Lamp Shade - 48Holy Goat, lamps home-and-interior
1046,Smart Design Sketched Table Lamp Shade - 48Holy Goat, lamps home-and-interior
1045,Blue Colour Design Sketched Table Lamp Shade - 48Holy Goat, table lamp home-and-interior
1044,Amrapali Print Sketched Table Lamp Shade - 48Holy Goat, home-and-interior
1043,Mehndi Print Sketched Table Lamp Shade - 48Holy Goat, mehndi lamp
1042,Henna Print Black and White Sketched Table Lamp Shade - 48Holy Goat, mehndi lamp
1041,Henna Print Colourful Sketched Table Lamp Shade - 48Holy Goat,home-decoration  lamp 
1040,Kerala Mural art - Krishna wooing Radha by 64 arts,painting mural krishna 
1039,Lady Dokra Musician - Anwesha Tribal Arts &amp; Crafts, tribal-art 
1038,Shirt Dokra Hanger - Anwesha Tribal Arts &amp; Crafts,tribal-art 
1037,Shirt Dokra Hanger Plain - Anwesha Tribal Arts &amp; Crafts, tribal-art
1036,Tortoise Dokra Candle Stand - Anwesha Tribal Arts &amp; Crafts,candle tribal-art 
1035,Owl Dokra Box - Anwesha Tribal Arts &amp; Crafts,tribal-art 
1034,White Beaded Medallion Pendant Necklace - Elegant Elements, jewellery necklace 
1033,Dhokra Bull by Uniaak - Handmade dhokra metal bull figurine., handicraft bull 
1032,Pen Stand by Uniaak - Handmade dhokra metal pen stand to suit your office decor.,office decoration 
1031,Handmade Dokra Tribal Bracelet by sanvee home shoppee, mumbai, tribal-art bracelet
1030,Dokra Jewellery Set by Villcart,jewellery 
1029,Handmade Dokra Diya in Brass by sanvee home shoppee, brass diya dokra
1028,Handmade Dokra Sun Wall Hanging in Brass by sanvee home shoppee,sun-wall dokra 
1027,Handmade Brass Dokra Key Chain Holder by sanvee home shoppee,key-chain dokra 
1026,Painting Chess - Majestic dokras wall hanging  by sanvee home shoppee, dokra home wall-hanging 
1025,Colourful Flower Crochet Necklace by sanvee home shoppee,necklace 
1024,Cocoa Crochet Necklace by sanvee home shoppee,necklace 
1023,Cream Crochet Earrings - No Strings Attached, earring
1022,Black Crochet Hoops - No Strings Attached,hoops 
1021,Beaded Crochet Neckpiece by sanvee home shoppee,necklace
1020,Beautiful Crochet Anklet by sanvee home shoppee,anklet 
1019,Peache Phone-Cover by the ark&#039;s bloom,phone cover 
1018,Green Phone-Cover by The ark&#039;s bloom,phone cover 
1017,Ark&#039;s Bloom Baby-Pink Phone-Cover, phone cover
1016,Yoga Freak Sandals - The Ark&#039;s Bloom, Yoga sandals 
1015,Pearl Princess(Small) - The Ark&#039;s Bloom, pearl 
1014,Elegant Ellie(Medium) - The Ark&#039;s Bloom at ban,
1013,Crochet Cream Brown Hair Clip by sanvee home shoppee,hair clip 
1012,Crochet Red Hair Clip by Sanvee Home Shoppee,hair clip 
1011,Handmade Cream Crochet Earrings  by sanvee home shoppee,earring 
1010,Handmade Pinkish Crochet Earrings by sanvee home shoppee, mumbai
1009,Zig Road Crochet Bracelet by sanvee home shoppee, mumbai, 
1008,Blue Purple Crochet Bracelet by sanvee home shoppee, mumbai, 
1007,Chopad Traditional Game by sanvee home shoppee, mumbai, 
1006,2Maple Leaf Key hanger by World O Ceramica, key chain
1005,Red Warli Tapper Long Vase - ExclusiveLane, warli tribal-art 
1004,Gold Ganesha Wall Hanging by World O Ceramica,ganesha wall-hanging 
1003,Bright Yellow (15&quot; by 10&quot;) wall clock - ExclusiveLane,wall clock 
1002,Black Gold WARLI Long Vase - ExclusiveLane,warli tribal-art 
1001,Wooden Wall Decor Frame With 3 Pot - ExclusiveLane,home decoration 
1000,Om Wall Hanging by World O&#039; Ceramica,wall hanging home decoration 
999,Blue Gold Warli Tapper Long Vase - ExclusiveLane, 
998,Black Gold Warli Round Matki Vase - ExclusiveLane, 
997,Red Warli Round Matki Vase - ExclusiveLane, 
996,Blue Gold Warli Round Matki Vase - ExclusiveLane, 
995,Black Red Madhubani Round Neck Vase - ExclusiveLane, 
994,Yellow Aroma Diffusor - ExclusiveLane, 
993,Red Aroma Diffusor - ExclusiveLane, 
992,Hanging Blue Lantern - ExclusiveLane, 
991,Terracotta Assorted Miniature Set - ExclusiveLane, 
990,Blue Assorted Miniature Set - ExclusiveLane, 
989,Red Warli(Set of 2) Tooth Pick Holder With Toothpicks - ExclusiveLane, 
988,Red Knitted Pen Stand - ExclusiveLane, 
987,Mustard Base Wall clock - ExclusiveLane, 
986,Blue Floral Wall-Hanging - World O Ceramica, 
985,Terracotta Ganesha With Diya - Villcart, 
984,Terracotta Warli Wall Piece - Villcart, 
983,Terracotta Om Wall Piece - Villcart, 
982,Terracotta Om Key Holder - Villcart, 
981,Green Pot by Potterz Clay, 
980,Rings Mug by Potterz Clay, 
979,Brass Duck Bowl - ROHA, 
978,Brass Round Design Purplish Blue Drop Earring - Bindurekha Fashion Studio, 
977,Brass Deer &amp; Doe Pair Animal by ROHA, Delhi @Rs 49,999, 
976,Brass Wall Hanging Piece by sanvee home shoppee, mumbai, 
975,Brass Pen - Beautiful Art &amp; Craft, 
974,spice container - Le Blue Mondiale, 
973,Lotus Diya - Le Blue Mondiale, 
972,Bathroom Set - Le Blue Mondiale, 
971,Beautiful Surahi - Le Blue Mondiale, 
970,Blue Surahi - Le Blue Mondiale, 
969,Sky Blue Pen Stand - Le Blue Mondiale, 
968,Blue Elephant - Le Blue Mondiale, 
967,Pen Stand - Le Blue Mondiale, 
966,Rose Bowl - Le Blue Mondiale, 
965,Melon Pot - Le Blue Mondiale at craftsvilla.com, 
964,Flower Vase by Le Blue Mondiale at craftsvilla.com, 
963,Bamboo Wall Clamped Lamp by Kraftinn, 
962,Round Bamboo Lamp by The Tribal Root at craftsvilla.com, 
961,Bamboo Lamp by The Tribal Root at craftsvilla.com, 
960,Cane Trays by The Tribal Root at craftsvilla.com, 
959,Bamboo Trays by The Tribal Root at craftsvilla.com, 
958,Bottle Holders by The Tribal Root at craftsvilla.com, 
957,Bird Nest Lamp by Kraftinn at craftsvilla.com, 
956,Hanging Stripes Lamp by Kraftinn at craftsvilla.com, 
955,Wine Chiller by Kraftinn at craftsvilla.com, 
954,Butter My Orange Soap by Soulflower at craftsvilla.com, 
953,cable twister from kya cheez hai at itshandmade.in, 
952,Pretty Bow dog Collar by heads up on tails at itshandmade.in, 
951,Pink Bones dog Bowl by heads up on tails at itshandmade.in, 
950,Blue Bones dog Bowl by itshandmade.in, 
949,Brown Manhattan Dog Collar by heads up for tails
at itshandmade.in, 
948,Sparkling Charm dog Collar by heads up on tails at itshandmade.in, 
947,&#039;World&#039;s Cutest Dog&#039; Dog Bandana by heads up for tails at itshandmade.in, 
946,Big Square Rangoli by kundan bead rangolis
at itshandmade.in, 
945,Colourful Round Rangoli by kundan bead rangolis at itshandmade.in, 
944,Crochet Butterfly ponytail bands by wow mom
at itshandmade.in, 
943,Large crochet wool rose hairband
by wow mom
at itshandmade.in, 
942,3 strand tie up hairband by wow mom
at itshandmade.in, 
941,Furry Heart - Love, red and hearts that’s whats this season. Gift this furry little heart to your loved one! Small 8 inch heart made of red fur and filled with poly fill.
by plush at itshandmade.in, 
940,FaceBook Cushion Cover by plush at itshandmade.in, 
939,Reversable English floral printed Table Runner - A bunch of roses always look nice, be it in the garden, in a corner of your house or a table runner adorning your centre table. Peachy pink floral print on one side with delicate scallop stitch bordering the runner,while a solid peach on the reverse with a floral patchwork. Made in 100% cotton
by enthucutlets at itshandmade.in, 
938,Kitchen Towel holder comes in different colors like pink,yellow, green, brown and purple. It&#039;s made of recycle wood and bamboo, handmade to organize your kitchen counter.- by enthucutlets at itshandmade.in, 
937,Reversable Table Runner - Pop never go out of fashion,concentric circles in contemporary hues and a solid brown on reverse make this runner and your dining room chic.
by enthucutlets at itshandmade.in, 
936,Custom Pin up board with Black Board by enthucutlets at itshandmade.in, 
935,Bollywood napkin holder - Decoupaged wooden napkin or serviette holder An decorative add on to your dining table or serving trays.
by itum bomb at itshandmade.in, 
934,Krishna Gopis file/magazine/newspaper holder - Handmade &#039;D&#039; shaped wooden file holder. Can be used for storing magazines, files, news papers, books etc. Livens up any table, shelf, and desk.
by itum bomb at itshandmade.in, 
933,Indian classical wooden tissue box by itum bomb at itshandmade.in, 
932,Indian classical napkin holder - Decoupaged wooden napkin or serviette holder An decorative add on to your dining table or serving trays.
by itum bomb at itshandmade.in, 
931,Laxmi napkin holder by itum bomb at itshandmade.in, 
930,Radha Krishna file/magazine/newspaper holder - Handmade &#039;D&#039; shaped wooden file holder. Can be used for storing magazines, files, news papers, books etc. Livens up any table, shelf, and desk. 
by itum bomb at itshandmade.in, 
929,Customized Photo Bean Bag by dottedi at itshandmade.in, 
928,Personalised Photo Cushion by dottedi at itshandmade.in, 
927,Warli art - Celebration of Festival - Bring home the Indian ancient Warli Culture. This painting will surely add more ethnicity to your wall. Warli is the name of the largest tribe found on the northern outskirts of Mumbai, in Western India. The word Warli comes from warla which means a piece of land or a field. In this painting, people are celebrating harvest festival. This has a wooden base with black colour frame. Easy to maintain. Can be easily hung on a screw or a nail with a hook given behind it. It can be used as a beautiful gift on house warming ceremony, anniversaries,social occasions,etc
by Home Craft at itshandmade.in, 
926,Beautiful Peacock Key Holder by home craft at itshandmade.in, 
925,African Masai Women painting - The Maasai are one of the most impoverished tribes in East Africa. A noble and dignified people, they have proudly mantained their traditional lifestyle and cultural identity despite pressures of the modern world. They live a nomadic lifestyle raising cattle and goats, wearing traditional clothes, and living in small villages called manyattas. This ia an acrylic painting of 3 women gathering food for thier family. Has a wooden base. It has a black colour frame. Easy to maintain. Can be easily hung on a screw or a nail with a hook given behind it. It can be used as a beautiful gift on house warming ceremony, anniversaries,social occasions,etc
by Home Craft at itshandmade.in, 
924,Goddess Lakshmi Key Holder by home craft at itshandmade.in, 
923,Tam-Bramh Couple - highly influenced by the dressing sense and cultured, traditional Tamil Brahman couple!!! two masks painted and also ornamented with artificial stones!
by Priyanks at itshandmade.in, 
922,Togetherness - a wall hanging of the sun and moon coming together as one! by Priyanks at itshandmade.in, 
921,Tam-Bramh Couple - highly influenced by the dressing sense and cultured, traditional Tamil Brahman couple!!! two masks painted and also ornamented with artificial stones!
by priyanks at itshandmade.in, 
920,Spoon &amp; Fork chandelier by the fool at itshandmade.in, 
919,Meditating Buddha Trio cushion cover by amviart at itshandmade.in, 
918,Royal Peacock cushion cover by amviart at itshandmade.in, 
917,Egyptian Combo cushion cover by amviart at itshandmade.in, 
916,Koya Tribes - Cushion Cover by amviart at itshandmade.in, 
915,Wine print tray - Handmade wooden decoupaged tray with a wine and grapes print. A must have for dinner parties.
by itum bomb at itshandmade.in, 
914,Damask print tray - Decoupaged wooden tray with a classical print. Adds an classy edge to serving.
by itum bomb
at itshandmade.in, 
913,Zeenat print tray by itum bomb at itshandmade.in, 
912,I love My Blackberry magnet - Know someone who cannot keep their hands, mind, eyes off their Blackberry? Is that someone you? Then this magnet is for you! This is a unique magnet because the Blackberry on it has been made entirely by hand, using the art of quilling: rolling, pinching and sticking strips of paper. The quilled motif has been triple-varnished for durability and dust-resistance.
by quillkari at itshandmade.in, 
911,Kantha-work cushion covers made by artisans in rajasthan. By Gayatri at itshandmade.in, 
910,Kantha-work cushion covers made by artisans in rajasthan. By Gayatri at itshandmade.in, 
909,élan mughal tall flower bucket by élan at itshandmade.in, 
908,élan rectangular blackboard marker by elan at itshandmade.in, 
907,élan bird house in red with a yellow birdie by elan at itshandmade.in, 
906,The Tree of Life - The Tree of Life is a lamp made by converting an old glass bottle. It has been hand-painted on the outside and is lit up with LED strip lights. For all purposes, it must never be rubbed on the outside, to prevent chipping away of paint.
by High-light at itshandmade.in, 
905,Wedded Bliss - This lamp is especially unique because it can be customized to suit the couple in question.
by Hig-light at itshandmade.in, 
904,Bob Marley Rasta Glass painting by leviathan at itshandmade.in, 
903,Jim Morrison Glass painting by leviathan
at itshandmade.in, 
902,Kurt Cobain (nirvana singer) Glass painting by leviathan at itshandmade.in, 
901,Digitally Devised: Shiva clock by leviathan at itshandmade.in, 
900,Message on a bottle - Scribble,doodle,write ur message...pour ur heart out on this upcycled beer bottle.
by the fool at itshandmade.in, 
899,Candle stand made by upcycling iron plumbing fittings. by The fool at itshandmade.in, 
898,Upcycled beer bottles wrapped in color for Rs 250 (set of 3). by the fool at itshandmade.in, 
897,Playing Card Cushion by the fool at itshandmade.in, 
896,Jewellery Organizer by The fool
at itshandmade.in, 
895,aqua leather slippers - Handcrafted and handstitched leather footwear in colorful avatars!!Perfect amalgamation of comfort and style.
by 22.2 accessories at itshandmade.in, 
894,marigold Leather slippers - Handcrafted and handstitched leather footwear in colorful avatars!!Perfect amalgamation of comfort and style.
by 22.2 accessories at itshandmade.in, 
893,animal bookends -
Cat Bookends made in recycled wood and hand painted in acrylic paints .
by v heart art at itshandmade.in, 
892,Money Banks by Memoirs at itshandmade.in, 
891,Beer mugs by memoirs at itshandmade.in, 
890,Unique Love letters...Pack of 3!! by memoirs at itshandmade.in, 
889,Magnetic key chains (set of three!) by memoirs at itshandmade.in, 
888,This is a tribal mask wall hanging suitable for any occasion
by vishwak at itshandmade.in, 
887,This is a keyholder with madhubani painting on it.It is multi coloured and attracts everyone by vishwak at itshandmade.in, 
886,My Storage Box - hand painted wooden box by v heart art at itshandmade.in, 
885,Storage Box - hand painted wooden box by v heart art at itshandmade.in, 
884,Owl on my Shoe - hand painted canvas shoes by v heart art at itshandmade.in, 
883,I Heart my shoe - hand painted canvas shoes by v heart art
at itshandmade.in, 
882,Shoes on shoes - hand painted shoes by v heart art at itshandmade.in, 
881,Hand painted serving Tray by v heart art at itshandmade.in, 
880,Animal bookends - Dog Bookends made in recycled wood and hand painted in acrylic paints
by v heart art at itshandmade.in, 
879,fun storage box by v heart art at itshandmade.in, 
878,A hand-made &amp; hand-painted terracota sculpture with an enhancement of Warli figurines.
by creative art
at itshandmade.in, 
877,This Warli wall-hanging has been created with a tissue roll as the base and accessorized with lace and stones. The Warli figurines have been hand-painted.
by creative box
at itshandmade.in, 
876,exploding box card by cards n scraps at itshandmade.in, 
875,An A5 mini album for anniversary by cards n scraps at itshandmade.in, 
874,Punched out squares for scrap booking and card making by cards n scraps at itshandmade.in, 
873,Tiger tail ( gear wire) green by rumaancrafts at itshandmade.in, 
872,Pressed glass leaf charm by rumaancrafts at itshandmade.in, 
871,Hand painted wooden beads by rumaancrafts at itshandmade.in, 
870,Undress Me Men&#039;s BOXERS by dirty laundry
at
itshandmade.in, 
869,Teekhi Mirchi Women&#039;s SHORTS
at dirty laundry at itshandmade.in, 
868,Haritalika tshirts by entropy
at itshandmade.in, 
867,Warli art tshirts by Entropy at itshandmade.in, 
866,Magnificent Lord Ganesha
by sweet ones
at itshandmade.in, 
865,Yellow Love Bugs by earthen concepts
at itshandmade.in, 
864,Pink Love Bugs by earthen concepts
at itshandmade.in, 
863,Blue Love Bugs by earthen concepts
at itshandmade.in, 
862,Baba ji figurine by earthen concepts
at itshandmade.in, 
861,Designer Frosted Candle by luciance
at itshandmade.in, 
860,Scented Floating Candle by luciance at
itshandmade.in, 
859,Funky Scented Candles by dottedi
at itshandmade.in, 
858,Blue-waves Shell Pendant by she sells at
itshandmade.in, 
857,cobal blue with gold earrings by Eesha Zaveri, Jewelry By Design at
itshandmade.in, 
856,Green-gold Shell Pendant by she sells
at
itshandmade.in, 
855,Blue Bracelet by JasmineMad
at itshandmade.in, 
854,peacock earrings by prishth
at itshandmade.in, 
853,Aqua-waves Shell Pendant by she sells at
itshandmade.in, 
852,jewelry storage box by v heart art
at itshandmade.in, 
851,the blue polo earring by Eesha Zaveri, Jewelry By Design
at itshandmade.in, 
850,Go Green Earring by The paper thingie at
itshandmade.in, 
849,Go Green Bangles with Wirework by Eesha Zaveri, Jewelry By Design
at itshandmade.in, 
848,Jewelry Storage box by V heart art at itshandmade.in, 
847,Sunset butterfly earrings at
Quillkari
in itshandmade.in, 
846,Wooden Bangles with wire work by
Eesha Zaveri, Jewelry By Design
at itshandmade.in, 
845,combs by curious crafts at itshandmade.in, 
844,Comb by curious craft at itshandmade.in, 
843,Chicken and egg cushions by curious crafts at itshandmade.in, 
842,Bikini cushions by curious crafts at itshandmade.in, 
841,Knots and crosses cushions by curious crafts at itshandmade.in, 
840,Cute Vacky - Vacuum suction stickers by
The Bright Side available at itshandmade.in, 
839,customized sneakers by rishidev available at itshandmade.in, 
838,Beer Bottle Slumping by Rishidev at itshandmade.in, 
837,Goverment vacky - Vacuum suction stickers by
The Bright Side
at itshandmade.in, 
836,Auto and meter cushion cover by curious craft
at itshandmade.in, 
835,DishOOm Boxes - Kranti
: Bollywood inspired boxes. These tin boxes are hand painted with bright kitschy colours and pulpy designs.
available at itshandmade.in, 
834,DishOOm Boxes - chori chori : Bollywood inspired boxes. These tin boxes are hand painted with bright kitschy colours and pulpy designs.
available at itshandmade.in, 
833,DishOOm Boxes - Mughal-e-azam :
Bollywood inspired boxes. These tin boxes are hand painted with bright kitschy colours and pulpy designs., 
832,DishOOm Boxes - Bombay to Goa
:About The Product

Bollywood posters painted on Tin boxes. These multi-purpose boxes can be used to keep anything you think will fit into it.
available at itshandmade.in, 
831,dishoom kettles available at itshandmade.in, 
830,baby shower cupcakes by dottedi, bangalore at itshandmade.in, 
829,photo cakes by dottedi, bangalore at
itshandmade.in, 
828,sugarcraft 2d - About The Product

Cake/cupcake toppers (Standard size). These are totally edible and can be placed over home baked cakes, cookies, cupcakes etc. Farm animals, jungle animals, pirates, girl face, smiley sun, mickey &amp; mini mouse etc. 

by simply mmmm, bangalore
available at itshandmade.in, 
827,Shoe Fetish Couture Cupcakes
by dottedi, bangalore at itshandmade.in, 
826,Mixed Bag Cup Cakes, Plain Jane&#039;s cupcakes
by dottedi, bangalore
available at itshandmade.in, 
825,Photo Chocolate Tarts by dottedi, bangalore
at itshandmade.in, 
824,Naughty Chocolate Tarts by dottedi
at itshandmade.in, 
823,peach praline cake by dottedi, bangalore available at itshandmade.in, 
822,Words cake by Dottedi, Bangalore at itshandmade.in, 
821,angry birds cupcakes - Simple flavours include Vanilla, Lemon, Coffee, Chocolate. Exotic Flavours include Vanilla with choco chip, Double Choco Chip, Oreo Chocolate, Choco Mocha.
Available at Dottedi, Bangalore, 
820,A rich almond and cashew marzipan center nestled in dark chocolate makes for the perfect festive indulgence
by five pods chocolates at
itshandmade.in, 
819,Yin -yang:
A balance of white and dark chocolate. The beauty of this chocolate lies in its balanced marble effect created with white and semi sweet dark chocolate.
by Five pods chocolates at itshandmade.in, 
818,besque
A fun biscuit based dark chocolate with a hint of orange ideal as a quick snack after a meal
by five pods chocolates, jayanagar, bangalore at itshandmade.in, 
817,Sesamesation by Five pods chocolates, jayanagar, banglore at itshandmade.in, 
816,monster hugs - sweet little OLLY (OWL) by pink elefant at noida - ncr, 
815,monster hugs - soft fluffy long eared bunny from pink elefant at noida - ncr, 
814,monster hugs - Paddy at pink elefant at noida - ncr, 
813,monster hugs by pink elefant at noida - ncr, 
812,monster hugs - Dino~ cute little monster at pink elefant, noida - ncr, 
811,monster hugs - cute chatter box ~Tia (Parrot) at Noida - NCR, 
810,sweet heart designer chair for two by pink elefant at noida - NCR, 
809,string puppet - Bommalatta of andhra pradesh, 
808,string puppet - Kalasutri Bahuliya of maharashtra, 
807,String puppets - Laithibi Jagoi of Manipur, 
806,string puppets - putul nach of tripura, 
805,string puppet - Krishna, Sakhi Kundhei of orissa, 
804,string puppet - putula nach of assam, 
803,string puppet - tarer putul of west bengal, 
802,string puppet - Ravana - Gombeyatta from karnataka, 
801,string puppets - kathputli from rajasthan, 
800,putul nach or puppet dance showing rod puppets in west bengal, 
799,rod puppets -  Kathi Kundhei of orissa, 
798,glove puppet - gulabu &amp; sitabu of uttar pradesh, 
797,glove puppets - Sakhi Kundehi of orissa, 
796,glove puppets - bener putul of west bengal, 
795,glove puppets - Rama, Pava Kathakali of kerala, 
794,Shadow puppets - Ravana Chhaya of orissa, 
793,Shadow puppets - Thol Pava Koothu of Kerala, 
792,Shadow puppets - Hanuman, Togalu Gombeyatta of Karnataka, 
791,Shadow puppets - Tholu Bommalatta of Andhra Pradesh, 
790,Garden fruits like lemon, oranges and pomegranates for the discerning few. These fresh fruits are available from our local store, 
789,mughal candles by auro candles at india kitsch store, kolkata, 
788,cute little glass tea-lighters in Special Holi Boxes by auro candles, 
787,modern day mom candles by auro candles, 
786,personalized candles by auro candles, 
785,personalized candles at auro candles, 
784,Personalized candles at Auro candles, 
783,stationary sets and notepads by haathi chaap elephant poo paper, 
782,notebook by haathi chaap elephant poo paper new delhi, 
781,Bookmark and set of coasters by haathi chaap elephant poo paper new delhi, 
780,magnetic clock, gulel sets and calendars by
haathi chaap elephant poo paper new delhi, 
779,photo frames by haathi chaap elephant poo paper new delhi, 
778,Cards and tags by haathi chaap elephant poo paper new delhi, 
777,bags by haathi chaap elephant poo paper new delhi, 
776,photo album by haathi chaap elephant poo paper new delhi, 
775,Lavaorange Cake
at
Mrs Kaur&#039;s
	
66 (Middle Lane) Khan Market,
New Delhi

Arcade E, Khan Market,
New Delhi, 
774,Honey &amp; Almond Cake
Honey, almonds and all purpose flour.
at
Mrs Kaur&#039;s
	
66 (Middle Lane) Khan Market,
New Delhi

Arcade E, Khan Market,
New Delhi, 
773,Dates &amp; Walnuts Cake - 1/2 Kg
Dates, walnuts and all purpose flour.
at
Mrs Kaur&#039;s
	
66 (Middle Lane) Khan Market,
New Delhi

Arcade E, Khan Market,
New Delhi, 
772,Apple Pie
Apple, cinnamon, raisin and corn flour.
at
Mrs Kaur&#039;s
	
66 (Middle Lane) Khan Market,
New Delhi

Arcade E, Khan Market,
New Delhi, 
771,Red Cherry Cheese Cake - 1 Kg
Cream cheese, digestive biscuit with red cherry filling and frozen red cherry.
at
Mrs Kaur&#039;s
	
66 (Middle Lane) Khan Market,
New Delhi

Arcade E, Khan Market,
New Delhi, 
770,Strawberry Cheese Cake - 1 Kg.
Kraft cream cheese and Belgian strawberry filling, Belgian strawberry frozen and digestive biscuit.
at
Mrs Kaur&#039;s
	
66 (Middle Lane) Khan Market,
New Delhi

Arcade E, Khan Market,
New Delhi, 
769,Oreo Cheese Cake - 1 Kg
Kraft cream cheese, digestive biscuit and kraft Oreo biscuits.
at
Mrs Kaur&#039;s
	
66 (Middle Lane) Khan Market,
New Delhi

Arcade E, Khan Market,
New Delhi, 
768,Heart Shape Cookie Cake at
Mrs Kaur&#039;s
	
66 (Middle Lane) Khan Market,
New Delhi

Arcade E, Khan Market,
New Delhi, 
767,Fruit Cake - 1/2 Kg
With the goodness of raisins, sultanas and apricots.
at
Mrs Kaur&#039;s
	
66 (Middle Lane) Khan Market,
New Delhi

Arcade E, Khan Market,
New Delhi, 
766,Blueberry Cheese Cake - 1 Kg
Kraft cream cheese, Belgian frozen blue berry, Belgian blueberry filling and digestive biscuit.
at
Mrs Kaur&#039;s
	
66 (Middle Lane) Khan Market,
New Delhi

Arcade E, Khan Market,
New Delhi, 
765,New York Cheese Cake Plain - 1 Kg
Kraft cream cheese and digestive biscuit.
at
Mrs Kaur&#039;s
	
66 (Middle Lane) Khan Market,
New Delhi

Arcade E, Khan Market,
New Delhi, 
764,New York Cheese Cake Plain - 1 Kg
Kraft cream cheese and digestive biscuit.
at
Mrs Kaur&#039;s
	
66 (Middle Lane) Khan Market,
New Delhi

Arcade E, Khan Market,
New Delhi, 
763,Apple &amp; Cinnamon Cake - 1/2 Kg
Apple, cinnamon and all purpose flour.
at
Mrs Kaur&#039;s
	
66 (Middle Lane) Khan Market,
New Delhi

Arcade E, Khan Market,
New Delhi, 
762,Fig &amp; Raisin Cake - 1/2 Kg
Fig, raisin and all purpose flour.
at 
Mrs Kaur&#039;s
	
66 (Middle Lane) Khan Market,
New Delhi

Arcade E, Khan Market,
New Delhi, 
761,Marble Cake
Belgian cocoa powder and all purpose flour.
at
Mrs Kaur&#039;s
	
66 (Middle Lane) Khan Market,
New Delhi

Arcade E, Khan Market,
New Delhi, 
760,Tabasco Flavor
Roasted almonds with tabasco.
at
Mrs Kaur&#039;s
	
66 (Middle Lane) Khan Market,
New Delhi

Arcade E, Khan Market,
New Delhi, 
759,Garlic Flavor
Roasted almonds with garlic.
at
Mrs Kaur&#039;s
	
66 (Middle Lane) Khan Market,
New Delhi

Arcade E, Khan Market,
New Delhi, 
758,Medallion
Belgian dark chocolate with digestive biscuits.
at
Mrs Kaur&#039;s
	
66 (Middle Lane) Khan Market,
New Delhi

Arcade E, Khan Market,
New Delhi, 
757,Caramel Chocolate
Belgian milk chocolate with Monin caramel filling.
at
Mrs Kaur&#039;s
	
66 (Middle Lane) Khan Market,
New Delhi

Arcade E, Khan Market,
New Delhi, 
756,almond Chocolate
Belgian dark chocolate and almonds.
at
Mrs Kaur&#039;s
	
66 (Middle Lane) Khan Market,
New Delhi

Arcade E, Khan Market,
New Delhi, 
755,Milk Chocolate
Belgian milk chocolate.
at
Mrs Kaur&#039;s
	
66 (Middle Lane) Khan Market,
New Delhi

Arcade E, Khan Market,
New Delhi, 
754,Dark Chocolate
Belgian dark chocolate.
at
Mrs Kaur&#039;s
	
66 (Middle Lane) Khan Market,
New Delhi

Arcade E, Khan Market,
New Delhi, 
753,Butter Scotch Chocolate
Belgian milk chocolate and butter scotch filling.
at
Mrs Kaur&#039;s
	
66 (Middle Lane) Khan Market,
New Delhi

Arcade E, Khan Market,
New Delhi, 
752,Hazelnut Chocolate
Belgian milk chocolate and roasted hazelnuts.
at
Mrs Kaur&#039;s
	
66 (Middle Lane) Khan Market,
New Delhi

Arcade E, Khan Market,
New Delhi, 
751,Medium Chocolate Bar
Dark chocolate
at
Mrs Kaur&#039;s
	
66 (Middle Lane) Khan Market,
New Delhi

Arcade E, Khan Market,
New Delhi, 
750,Mushroom Jalepeno Pizza Puff
Mushroom, Mexican Jalapeno, tomato sauce and all purpose flour.
at
Mrs Kaur&#039;s
	
66 (Middle Lane) Khan Market,
New Delhi

Arcade E, Khan Market,
New Delhi, 
749,Chocolate Chip Muffin
Belgian chocolate mixed with our delicious batter that melts in your mouth.
at
Mrs Kaur&#039;s
	
66 (Middle Lane) Khan Market,
New Delhi

Arcade E, Khan Market,
New Delhi, 
748,Cinnabun
Warm dough filled with delightful cinnamon and topped with freshly made frosting.
at
Mrs Kaur&#039;s
	
66 (Middle Lane) Khan Market,
New Delhi

Arcade E, Khan Market,
New Delhi, 
747,Chunky Nut Bar
An exciting mix of almonds, cashews and walnuts flirting with solid chunks of dark chocolate.
at
Mrs Kaur&#039;s
	
66 (Middle Lane) Khan Market,
New Delhi

Arcade E, Khan Market,
New Delhi, 
746,Chocolate Brownie
Brownie with super coats of dark Belgian chocolate. A chocolate lovers delight.
at
Mrs Kaur&#039;s
	
66 (Middle Lane) Khan Market,
New Delhi

Arcade E, Khan Market,
New Delhi, 
745,Regular Brownie
A sumptuous blend of dark Belgian chocolate, walnuts and cocoa that melts in your mouth.
at
Mrs Kaur&#039;s
	
66 (Middle Lane) Khan Market,
New Delhi

Arcade E, Khan Market,
New Delhi, 
744,Oatmeal Scotchies
Oatmeal cookie with an avalanche of butter scotch morsels.
at
Mrs Kaur&#039;s
	
66 (Middle Lane) Khan Market,
New Delhi

Arcade E, Khan Market,
New Delhi, 
743,Cocoa White Chocolate
A mouth-watering dark chocolate cookie heaped with chunks of white chocolate.
at
Mrs Kaur&#039;s
	
66 (Middle Lane) Khan Market,
New Delhi

Arcade E, Khan Market,
New Delhi, 
742,Assorted Cookies - Chocolate Chip without Nuts
Hot favorite with loads of Belgian chocolate chips.
at Mrs Kaur&#039;s
	
66 (Middle Lane) Khan Market,
New Delhi

Arcade E, Khan Market,
New Delhi, 
741,suralivadi at
Chitale Bandhu Mithaiwale

at Bajirao Road, Pune 
777, Sadashiv Peth,
Pune - 411030.
Maharashtra, India
Tel: +91-20-24473208 / 24475043
Fax: +91-20-24490031
 
at Deccan Gymkhana, Pune
759/54, Deccan Gymkhana,
Pune - 411004.
Maharashtra, India
Tel: +91-20-25671748, 
740,sutarfeni at
Chitale Bandhu Mithaiwale

at Bajirao Road, Pune 
777, Sadashiv Peth,
Pune - 411030.
Maharashtra, India
Tel: +91-20-24473208 / 24475043
Fax: +91-20-24490031
 
at Deccan Gymkhana, Pune
759/54, Deccan Gymkhana,
Pune - 411004.
Maharashtra, India
Tel: +91-20-25671748, 
739,soan papdi at
Chitale Bandhu Mithaiwale

at Bajirao Road, Pune 
777, Sadashiv Peth,
Pune - 411030.
Maharashtra, India
Tel: +91-20-24473208 / 24475043
Fax: +91-20-24490031
 
at Deccan Gymkhana, Pune
759/54, Deccan Gymkhana,
Pune - 411004.
Maharashtra, India
Tel: +91-20-25671748, 
738,rasmalai at
Chitale Bandhu Mithaiwale

at Bajirao Road, Pune 
777, Sadashiv Peth,
Pune - 411030.
Maharashtra, India
Tel: +91-20-24473208 / 24475043
Fax: +91-20-24490031
 
at Deccan Gymkhana, Pune
759/54, Deccan Gymkhana,
Pune - 411004.
Maharashtra, India
Tel: +91-20-25671748, 
737,rasgulla at
Chitale Bandhu Mithaiwale

at Bajirao Road, Pune 
777, Sadashiv Peth,
Pune - 411030.
Maharashtra, India
Tel: +91-20-24473208 / 24475043
Fax: +91-20-24490031
 
at Deccan Gymkhana, Pune
759/54, Deccan Gymkhana,
Pune - 411004.
Maharashtra, India
Tel: +91-20-25671748, 
736,petha by
Chitale Bandhu Mithaiwale

at Bajirao Road, Pune 
777, Sadashiv Peth,
Pune - 411030.
Maharashtra, India
Tel: +91-20-24473208 / 24475043
Fax: +91-20-24490031
 
at Deccan Gymkhana, Pune
759/54, Deccan Gymkhana,
Pune - 411004.
Maharashtra, India
Tel: +91-20-25671748, 
735,malai sandwich at
Chitale Bandhu Mithaiwale

at Bajirao Road, Pune 
777, Sadashiv Peth,
Pune - 411030.
Maharashtra, India
Tel: +91-20-24473208 / 24475043
Fax: +91-20-24490031
 
at Deccan Gymkhana, Pune
759/54, Deccan Gymkhana,
Pune - 411004.
Maharashtra, India
Tel: +91-20-25671748, 
734,Kesar bati at
Chitale Bandhu Mithaiwale

at Bajirao Road, Pune 
777, Sadashiv Peth,
Pune - 411030.
Maharashtra, India
Tel: +91-20-24473208 / 24475043
Fax: +91-20-24490031
 
at Deccan Gymkhana, Pune
759/54, Deccan Gymkhana,
Pune - 411004.
Maharashtra, India
Tel: +91-20-25671748, 
733,Karanji at
Chitale Bandhu Mithaiwale

at Bajirao Road, Pune 
777, Sadashiv Peth,
Pune - 411030.
Maharashtra, India
Tel: +91-20-24473208 / 24475043
Fax: +91-20-24490031
 
at Deccan Gymkhana, Pune
759/54, Deccan Gymkhana,
Pune - 411004.
Maharashtra, India
Tel: +91-20-25671748, 
732,Kaju katli at
Chitale Bandhu Mithaiwale

at Bajirao Road, Pune 
777, Sadashiv Peth,
Pune - 411030.
Maharashtra, India
Tel: +91-20-24473208 / 24475043
Fax: +91-20-24490031
 
at Deccan Gymkhana, Pune
759/54, Deccan Gymkhana,
Pune - 411004.
Maharashtra, India
Tel: +91-20-25671748, 
731,jalebi at
Chitale Bandhu Mithaiwale

at Bajirao Road, Pune 
777, Sadashiv Peth,
Pune - 411030.
Maharashtra, India
Tel: +91-20-24473208 / 24475043
Fax: +91-20-24490031
 
at Deccan Gymkhana, Pune
759/54, Deccan Gymkhana,
Pune - 411004.
Maharashtra, India
Tel: +91-20-25671748, 
730,gulab jam
at
Chitale Bandhu Mithaiwale

at Bajirao Road, Pune 
777, Sadashiv Peth,
Pune - 411030.
Maharashtra, India
Tel: +91-20-24473208 / 24475043
Fax: +91-20-24490031
 
at Deccan Gymkhana, Pune
759/54, Deccan Gymkhana,
Pune - 411004.
Maharashtra, India
Tel: +91-20-25671748, 
729,dhokla at
Chitale Bandhu Mithaiwale

at Bajirao Road, Pune 
777, Sadashiv Peth,
Pune - 411030.
Maharashtra, India
Tel: +91-20-24473208 / 24475043
Fax: +91-20-24490031
 
at Deccan Gymkhana, Pune
759/54, Deccan Gymkhana,
Pune - 411004.
Maharashtra, India
Tel: +91-20-25671748, 
728,chirote at
Chitale Bandhu Mithaiwale

at Bajirao Road, Pune 
777, Sadashiv Peth,
Pune - 411030.
Maharashtra, India
Tel: +91-20-24473208 / 24475043
Fax: +91-20-24490031
 
at Deccan Gymkhana, Pune
759/54, Deccan Gymkhana,
Pune - 411004.
Maharashtra, India
Tel: +91-20-25671748, 
727,chamcham at
Chitale Bandhu Mithaiwale

at Bajirao Road, Pune 
777, Sadashiv Peth,
Pune - 411030.
Maharashtra, India
Tel: +91-20-24473208 / 24475043
Fax: +91-20-24490031
 
at Deccan Gymkhana, Pune
759/54, Deccan Gymkhana,
Pune - 411004.
Maharashtra, India
Tel: +91-20-25671748, 
726,anarse at
Chitale Bandhu Mithaiwale

at Bajirao Road, Pune 
777, Sadashiv Peth,
Pune - 411030.
Maharashtra, India
Tel: +91-20-24473208 / 24475043
Fax: +91-20-24490031
 
at Deccan Gymkhana, Pune
759/54, Deccan Gymkhana,
Pune - 411004.
Maharashtra, India
Tel: +91-20-25671748, 
725,amba barfi at
Chitale Bandhu Mithaiwale

at Bajirao Road, Pune 
777, Sadashiv Peth,
Pune - 411030.
Maharashtra, India
Tel: +91-20-24473208 / 24475043
Fax: +91-20-24490031
 
at Deccan Gymkhana, Pune
759/54, Deccan Gymkhana,
Pune - 411004.
Maharashtra, India
Tel: +91-20-25671748, 
724,kadboli at
Chitale Bandhu Mithaiwale

at Bajirao Road, Pune 
777, Sadashiv Peth,
Pune - 411030.
Maharashtra, India
Tel: +91-20-24473208 / 24475043
Fax: +91-20-24490031
 
at Deccan Gymkhana, Pune
759/54, Deccan Gymkhana,
Pune - 411004.
Maharashtra, India
Tel: +91-20-25671748, 
723,elaichi shrikhand at
Chitale Bandhu Mithaiwale

at Bajirao Road, Pune 
777, Sadashiv Peth,
Pune - 411030.
Maharashtra, India
Tel: +91-20-24473208 / 24475043
Fax: +91-20-24490031
 
at Deccan Gymkhana, Pune
759/54, Deccan Gymkhana,
Pune - 411004.
Maharashtra, India
Tel: +91-20-25671748, 
722,badam pista shrikhand at
Chitale Bandhu Mithaiwale

at Bajirao Road, Pune 
777, Sadashiv Peth,
Pune - 411030.
Maharashtra, India
Tel: +91-20-24473208 / 24475043
Fax: +91-20-24490031
 
at Deccan Gymkhana, Pune
759/54, Deccan Gymkhana,
Pune - 411004.
Maharashtra, India
Tel: +91-20-25671748, 
721,Farsan at
Chitale Bandhu Mithaiwale

at Bajirao Road, Pune 
777, Sadashiv Peth,
Pune - 411030.
Maharashtra, India
Tel: +91-20-24473208 / 24475043
Fax: +91-20-24490031
 
at Deccan Gymkhana, Pune
759/54, Deccan Gymkhana,
Pune - 411004.
Maharashtra, India
Tel: +91-20-25671748, 
720,Bakarwadi by
Chitale Bandhu Mithaiwale

at Bajirao Road, Pune 
777, Sadashiv Peth,
Pune - 411030.
Maharashtra, India
Tel: +91-20-24473208 / 24475043
Fax: +91-20-24490031
 
at Deccan Gymkhana, Pune
759/54, Deccan Gymkhana,
Pune - 411004.
Maharashtra, India
Tel: +91-20-25671748, 
719,Amrakhand by
Chitale Bandhu Mithaiwale

at Bajirao Road, Pune 
777, Sadashiv Peth,
Pune - 411030.
Maharashtra, India
Tel: +91-20-24473208 / 24475043
Fax: +91-20-24490031
 
at Deccan Gymkhana, Pune
759/54, Deccan Gymkhana,
Pune - 411004.
Maharashtra, India
Tel: +91-20-25671748, 
718,heart bird star hanging by anek designs pune, 
717,hindu mythology - ramayana cushions
at
anek designs pune, 
716,hindu mythology - krishna leela at anek designs, pune, 
715,Colourfull Kanthas and Phulkaris by anek designs, pune, 
714,paisley envelope by anek designs pune, 
713,vintage silk kantha patchwork cushion, 
712,vintage silk kantha patchwork cushion by anek designs pune, 
711,paisley envelope by anek designs pune, 
710,cushion at anek designs pune, 
709,cushion at anek designs pune, 
708,necklace by anek designs, pune, 
707,necklace by anek designs, pune, 
706,necklace by anek designs pune, 
705,necklace by anek designs, pune, 
704,long neck stole by anek designs, 
703,Kantha clutches by Anek designs, pune, 
702,shagun gift envelopes at
anek designs, pune, 
701,potli keyring by anek designs, pune, 
700,The clutch comes with a magnetic button closure with a zip pocket inside!! A loop to hang your key rings too and yes we give this with a removable potli key ring!!
 a Anek Designs, pune, 
699,bags - Yellow Sling by Clocharde
at
India Kitsch 37C Hindustan Road, Kolkata (Calcutta), India 700029, 
698,Table Mats by Happily Unmarried
at
India Kitsch 37C Hindustan Road, Kolkata (Calcutta), India 700029, 
697,Stapler by P.O.P. at
India Kitsch 37C Hindustan Road, Kolkata (Calcutta), India 700029, 
696,Standys by P.O.P.
at
India Kitsch 37C Hindustan Road, Kolkata (Calcutta), India 700029, 
695,Soup Mugs by Happily Unmarried
at
India Kitsch 37C Hindustan Road, Kolkata (Calcutta), India 700029, 
694,Shoes by Tantrum Shoes at
India Kitsch 37C Hindustan Road, Kolkata (Calcutta), India 700029, 
693,Shoes by Tantrum Shoes at
India Kitsch 37C Hindustan Road, Kolkata (Calcutta), India 700029, 
692,Shoes by Tantrum Shoes
at
India Kitsch 37C Hindustan Road, Kolkata (Calcutta), India 700029, 
691,Shagun Gift Envelopes by Anek Designs
at
India Kitsch 37C Hindustan Road, Kolkata (Calcutta), India 700029, 
690,Sarees by India Kitsch Prêt and neckpiece by KSR
at
India Kitsch 37C Hindustan Road, Kolkata (Calcutta), India 700029, 
689,Runners by Anek Designs
at
India Kitsch 37C Hindustan Road, Kolkata (Calcutta), India 700029, 
688,bags - Quilted Sling by Clocharde
at
India Kitsch 37C Hindustan Road, Kolkata (Calcutta), India 700029, 
687,Potli Neckpiece by Anek Designs
at
India Kitsch 37C Hindustan Road, Kolkata (Calcutta), India 700029, 
686,Potli Keyring by Anek Designs
at
India Kitsch 37C Hindustan Road, Kolkata (Calcutta), India 700029, 
685,Pink Envelope Clutch by Clocharde
at
India Kitsch 37C Hindustan Road, Kolkata (Calcutta), India 700029, 
684,Piggy Bank by P.O.P.
at
India Kitsch 37C Hindustan Road, Kolkata (Calcutta), India 700029, 
683,Pepper soaps by Soap Opera
at
India Kitsch 37C Hindustan Road, Kolkata (Calcutta), India 700029, 
682,Pencil sharpner by P.O.P.
at
India Kitsch 37C Hindustan Road, Kolkata (Calcutta), India 700029, 
680,Patchwork Stole by Anek Designs
at
India Kitsch 37C Hindustan Road, Kolkata (Calcutta), India 700029, 
679,Organza Lights by EarthKraft
at
India Kitsch 37C Hindustan Road, Kolkata (Calcutta), India 700029, 
678,Neckpieces by Howrah Bridge
at
India Kitsch 37C Hindustan Road, Kolkata (Calcutta), India 700029, 
677,Neckpiece by KSR
at
India Kitsch 37C Hindustan Road, Kolkata (Calcutta), India 700029, 
676,Neckpiece by KSR at
India Kitsch 37C Hindustan Road, Kolkata (Calcutta), India 700029, 
675,Neckpiece by KSR at
India Kitsch 37C Hindustan Road, Kolkata (Calcutta), India 700029, 
674,Neckpiece by KSR at
India Kitsch 37C Hindustan Road, Kolkata (Calcutta), India 700029, 
673,Neckpiece by KSR at
India Kitsch 37C Hindustan Road, Kolkata (Calcutta), India 700029, 
672,Neckpiece by KSR
at
India Kitsch 37C Hindustan Road, Kolkata (Calcutta), India 700029, 
671,Fabric Printed Bag by Clocharde at
India Kitsch 37C Hindustan Road, Kolkata (Calcutta), India 700029, 
670,Fabric Bib Neckpiece By Howrah Bridge at
India Kitsch 37C Hindustan Road, Kolkata (Calcutta), India 700029, 
669,Earrings by Amalaan at
India Kitsch 37C Hindustan Road, Kolkata (Calcutta), India 700029, 
668,Cushion Covers by Happily Unmarried at
India Kitsch 37C Hindustan Road, Kolkata (Calcutta), India 700029, 
667,Cushion Covers by Happily Unmarried at
India Kitsch 37C Hindustan Road, Kolkata (Calcutta), India 700029, 
666,Cushion Covers by Anek Designs at
India Kitsch 37C Hindustan Road, Kolkata (Calcutta), India 700029, 
665,Coral Sling by Clocharde at
India Kitsch 37C Hindustan Road, Kolkata (Calcutta), India 700029, 
664,Cards By Tarini at
India Kitsch 37C Hindustan Road, Kolkata (Calcutta), India 700029, 
663,Cards By Tarini at
India Kitsch 37C Hindustan Road, Kolkata (Calcutta), India 700029, 
662,Cards By Tarini at
India Kitsch 37C Hindustan Road, Kolkata (Calcutta), India 700029, 
661,Cards By Tarini at
India Kitsch 37C Hindustan Road, Kolkata (Calcutta), India 700029, 
660,Cards By Tarini at
India Kitsch 37C Hindustan Road, Kolkata (Calcutta), India 700029, 
659,Cards By Tarini at
India Kitsch 37C Hindustan Road, Kolkata (Calcutta), India 700029, 
658,Bib Neckpiece by Howrah Bridge at
India Kitsch 37C Hindustan Road, Kolkata (Calcutta), India 700029, 
657,Beer Mugs by Happily Unmarried
at
India Kitsch 37C Hindustan Road, Kolkata (Calcutta), India 700029, 
656,Bags by Skarlet at
India Kitsch 37C Hindustan Road, Kolkata (Calcutta), India 700029, 
655,cylinder pen holder 
 made of recycled newspaper reeds.
by well paper, auroville available at shopo.in, 
654,Rolled Bowl Square Large
Square Bowl made of rolled newspaper canes
by well paper, auroville, 
653,Square Keychain Medium
Keychain ring with square board newspaper bead, surounded by colorful glass beads
by well paper, auroville, 
652,Keychain Small
A small rolled paper and glass bead keychain, available in many different colors, depending on the color of the glass beads that are used.
by well paper, auroville, 
651,Tea Coaster set with rolled Oval Beads
Set of sixround rolled tea coasters arranged in a handwoven paper-reed basket of a matching colour.
by Well paper, Auroville, 
650,necklace by well paper, auroville, 
649,earrings by well paper, auroville, 
648,square laundry basket by well paper, auroville, 
647,cylinder laundry basket by well paper, auroville, 
646,Brooch by well paper, auroville, 
645,Brooch by well paper, auroville, 
644,hand painted wooden tissue box cover by wildflower, ahmedabad
available at shopo.in, 
643,t light candle holders by
wildflower, ahmedabad, 
642,t light candle holders by wildflower, ahmedabad, 
641,t light candle holders by wildflower, ahmedabad, 
640,decorative plates - Chinese landscape in pyrography on teak wood by
Wildflower, ahmedabad, 
639,decorative plates - Bamboo - pyrography on teak wood
by
Wildcraft, ahmedabad, 
638,Decorative plates - Hand painted wooden plate
by Wildflower, Ahmedabad, 
637,Buddha panel with natural finish by wildflower, ahmedabad, 
636,Buddha Panel with antique gold finish by wildflower, ahmedabad, 
635,tray by wildflower, ahmedabad, 
634,Hand painted wooden tea coasters by wildflower, ahmedabad, 
633,Hand painted wooden tea coasters by wildflower, ahmedabad, 
632,Hand painted tray for kids room.. by wildflower, ahmedabad, 
631,Hand painted and laminated tray with wooden framing by wildflower, ahmedabad, 
630,Warli cushion cover by Working radius at
shopo.in, 
629,Warli cushion cover by Working Radius
at shopo.in, 
628,Warli cushion covers by
Working Radius
at shopo.in, 
627,hampi tote bags by
Working Radius
91/74, 1st Floor, 7th Cross, Eshwara Layout,
                 Indiranagar, HAL II Stage,
                      Bangalore, India, 
626,picture postcard coasters by
Working Radius
91/74, 1st Floor, 7th Cross, Eshwara Layout,
                 Indiranagar, HAL II Stage,
                      Bangalore, India, 
625,Pull out bed - kids furniture by
Working Radius
91/74, 1st Floor, 7th Cross, Eshwara Layout,
                 Indiranagar, HAL II Stage,
                      Bangalore, India, 
624,san marco venice postcard placemats by
Working Radius
91/74, 1st Floor, 7th Cross, Eshwara Layout,
                 Indiranagar, HAL II Stage,
                      Bangalore, India, 
623,rialto venice postcard placemats by
Working Radius
91/74, 1st Floor, 7th Cross, Eshwara Layout,
                 Indiranagar, HAL II Stage,
                      Bangalore, India, 
622,postcard placemats by
Working Radius
91/74, 1st Floor, 7th Cross, Eshwara Layout,
                 Indiranagar, HAL II Stage,
                      Bangalore, India, 
621,musical pillars vithala temple hampi postcard placemats by
Working Radius
91/74, 1st Floor, 7th Cross, Eshwara Layout,
                 Indiranagar, HAL II Stage,
                      Bangalore, India, 
620,postcard placemats by
Working Radius
91/74, 1st Floor, 7th Cross, Eshwara Layout,
                 Indiranagar, HAL II Stage,
                      Bangalore, India, 
619,postcard placemats by
Working Radius
91/74, 1st Floor, 7th Cross, Eshwara Layout,
                 Indiranagar, HAL II Stage,
                      Bangalore, India, 
618,ladakh postcard placemats by
Working Radius
91/74, 1st Floor, 7th Cross, Eshwara Layout,
                 Indiranagar, HAL II Stage,
                      Bangalore, India, 
617,Jaali range coffee table tray
by
Working Radius
91/74, 1st Floor, 7th Cross, Eshwara Layout,
                 Indiranagar, HAL II Stage,
                      Bangalore, India, 
616,Jaali range coffee table by
Working Radius
91/74, 1st Floor, 7th Cross, Eshwara Layout,
                 Indiranagar, HAL II Stage,
                      Bangalore, India, 
615,Trial room stools by
Working Radius
91/74, 1st Floor, 7th Cross, Eshwara Layout,
                 Indiranagar, HAL II Stage,
                      Bangalore, India, 
614,Lounge Furniture by Working Radius
91/74, 1st Floor, 7th Cross, Eshwara Layout,
                 Indiranagar, HAL II Stage,
                      Bangalore, India, 
613,Strawberry candles at
India Kitsch
37C Hindustan Road, Kolkata (Calcutta), India 700029, 
612,Love candles at
India Kitsch
37C Hindustan Road, Kolkata (Calcutta), India 700029, 
611,Rose soap at
India Kitsch
37C Hindustan Road, Kolkata (Calcutta), India 700029, 
610,Love candles at
India Kitsch
37C Hindustan Road, Kolkata (Calcutta), India 700029, 
609,Candle at
India Kitsch
37C Hindustan Road, Kolkata (Calcutta), India 700029, 
608,Love candles at
India Kitsch
37C Hindustan Road, Kolkata (Calcutta), India 700029, 
607,Be mine soap at
India Kitsch
37C Hindustan Road, Kolkata (Calcutta), India 700029, 
606,Love candles at
India Kitsch
37C Hindustan Road, Kolkata (Calcutta), India 700029, 
605,Jenga lamp by Workshop Q at shopo.in, 
604,Trinity Serving brass bowls at
Silk Road and Beyond
N 11 N Block Market, Greater Kailash 1, New Delhi, India 110048, 
603,Cut work candle holders in
Brass at
Silk Road and Beyond
N 11 N Block Market, Greater Kailash 1, New Delhi, India 110048, 
602,Hanging Lotus in copper and brass at
Silk Road and Beyond
N 11 N Block Market, Greater Kailash 1, New Delhi, India 110048, 
601,Brass flowers with an LED light on a marble pebble by Namo at
Silk Road and Beyond
N 11 N Block Market, Greater Kailash 1, New Delhi, India 110048, 
600,Brass and steel decorative by Namo at
Silk Road and Beyond
N 11 N Block Market, Greater Kailash 1, New Delhi, India 110048, 
599,Brass candle holders by Namo at
Silk Road and Beyond
N 11 N Block Market, Greater Kailash 1, New Delhi, India 110048, 
598,Stainless steel single Tulip by Namo
at
Silk Road and Beyond
N 11 N Block Market, Greater Kailash 1, New Delhi, India 110048, 
597,Colour pencil trays and coasters by Workshop Q
at
Silk Road and Beyond
N 11 N Block Market, Greater Kailash 1, New Delhi, India 110048, 
596,Trays from Workshop Q at
Silk Road and Beyond
N 11 N Block Market, Greater Kailash 1, New Delhi, India 110048, 
595,Colour Pencil Photo frame by Workshop Q at
Silk Road and Beyond
N 11 N Block Market, Greater Kailash 1, New Delhi, India 110048, 
594,Sustainable coasters and clocks by Workshop Q at
Silk Road and Beyond
N 11 N Block Market, Greater Kailash 1, New Delhi, India 110048, 
593,Junkyard photoframes and mirrors and record clocks by Workshop Q
at
Silk Road and Beyond
N 11 N Block Market, Greater Kailash 1, New Delhi, India 110048, 
592,Tissue box by Workshop Q at
Silk Road and Beyond
N 11 N Block Market, Greater Kailash 1, New Delhi, India 110048, 
591,Glass Mosaic candle stands and Jars at
Silk Road and Beyond
N 11 N Block Market, Greater Kailash 1, New Delhi, India 110048, 
590,Classic Popstars and matching funky Wall Art! by
Silk Road and Beyond
N 11 N Block Market, Greater Kailash 1, New Delhi, India 110048, 
589,Cushions at
Silk Road and Beyond
N 11 N Block Market, Greater Kailash 1, New Delhi, India 110048, 
588,Cushions at
Silk Road and Beyond
N 11 N Block Market, Greater Kailash 1, New Delhi, India 110048, 
587,Cushions at
Silk Road and Beyond
N 11 N Block Market, Greater Kailash 1, New Delhi, India 110048, 
586,Cushions at
Silk Road and Beyond
N 11 N Block Market, Greater Kailash 1, New Delhi, India 110048, 
585,Cushions at
Silk Road and Beyond
N 11 N Block Market, Greater Kailash 1, New Delhi, India 110048, 
584,Cushions at
Silk Road and Beyond
N 11 N Block Market, Greater Kailash 1, New Delhi, India 110048, 
583,Cushions at
Silk Road and Beyond
N 11 N Block Market, Greater Kailash 1, New Delhi, India 110048, 
582,beachlove string bikini at
chilli billi
12th A Main, Indiranagar, Bangalore, 
581,beachlove tankini at
chilli billi
12th A Main, Indiranagar, Bangalore, 
580,beachlove tankini with shorts at
chilli billi
12th A Main, Indiranagar, Bangalore, 
579,beachlove one-piece swimsuit at
chilli billi
12th A Main, Indiranagar, Bangalore, 
578,beachlove halter string bikini at
chilli billi
12th A Main, Indiranagar, Bangalore, 
577,beachlove crochet bikini at
chilli billi
12th A Main, Indiranagar, Bangalore, 
576,beachlove cover up at

chilli billi
12th A Main, Indiranagar, Bangalore, 
575,beachlove bikini top with shorts at
chilli billi
12th A Main, Indiranagar, Bangalore, 
574,beachlove beach shorts
at
chilli billi
12th A Main, Indiranagar, Bangalore, 
573,beachlove 3-piece with bikini bottom and skirt at
chilli billi
12th A Main, Indiranagar, Bangalore, 
572,RAJNIKANT THE GREAT - Shot Glasses by bliss, mumbai &amp; pune, 
571,RAJNIKANT THE GREAT - Shot Glasses by Bliss, Mumbai &amp; pune, 
570,RAJNIKANT THE GREAT - Shot Glasses by Bliss, Mumbai &amp; Pune, 
569,RAJNIKANT THE GREAT - Shot Glasses by Bliss Mumbai &amp; Pune, 
568,Trays by Bliss, mumbai &amp; pune, 
567,Trays by bliss, mumbai &amp; pune, 
566,Table mats by Bliss, mumbai &amp; pune, 
565,Sofa by bliss, mumbai &amp; pune, 
564,shoes and earrings by Bliss mumbai &amp; pune, 
563,madhubala purse by bliss, mumbai &amp; pune, 
562,purse by bliss, mumbai &amp; pune, 
561,purse by bliss, mumbai &amp; pune, 
560,photo frame by bliss mumbai &amp; pune, 
559,photo frame by bliss, mumbai &amp; pune, 
558,photo frame by bliss, mumbai &amp; pune, 
557,necklace at Bliss, mumbai &amp; pune, 
556,necklace from bliss, mumbai &amp; pune, 
555,dustbins at bliss, mumbai &amp; pune, 
554,Drawers at Bliss, mumbai &amp; pune, 
553,Buddha idol at Bliss, Mumbai &amp; Pune, 
552,Purse at Bliss, Mumbai &amp; Pune, 
551,Bags at Bliss, Mumbai &amp; Pune, 
550,Bags at Bliss, Mumbai &amp; Pune, 
549,Bags at Bliss Mumbai &amp; Pune, 
548,Amitabh Bachan bag at Bliss, Mumbai &amp; Pune, 
547,Bags at Bliss, Mumbai &amp; Pune, 
546,Bags at Bliss, Mumbai &amp; Pune, 
545,Bags at Bliss, Mumbai &amp; Pune, 
544,Purse at Bliss, Mumbai &amp; Pune, 
543,Bags at Bliss, Mumbai &amp; Pune, 
542,Bags at Bliss, Mumbai &amp; Pune, 
541,Bags at Bliss Mumbai &amp; Pune, 
540,Bags at Bliss Mumbai &amp; Pune, 
539,Bags at Bliss, Mumbai &amp; Pune, 
538,Bags at Bliss, Mumbai &amp; Pune, 
537,Bags at Bliss, Mumbai &amp; Pune, 
536,Bags at Bliss, Pune &amp; Mumbai, 
535,Bags at bliss, pune &amp; mumbai, 
534,Ogle!nc bags at

SOBO Fashion Store
1st Floor, Motor House, Hughes Road, above Mercedes Showroon., Mumbai, India 400 007, 
533,Ogle!nc bags at

SOBO Fashion Store
1st Floor, Motor House, Hughes Road, above Mercedes Showroon., Mumbai, India 400 007, 
532,Ogle!nc bags
at

SOBO Fashion Store
1st Floor, Motor House, Hughes Road, above Mercedes Showroon., Mumbai, India 400 007, 
531,Ogle!nc bags at

SOBO Fashion Store
1st Floor, Motor House, Hughes Road, above Mercedes Showroon., Mumbai, India 400 007, 
530,Toshe Slim Slings 

SOBO Fashion Store
1st Floor, Motor House, Hughes Road, above Mercedes Showroon., Mumbai, India 400 007, 
529,Snowflake Coasters by

SOBO
1st Floor, Motor House, Hughes Road, above Mercedes Showroon., Mumbai, India 400 007, 
528,RaIn-Glo Bags at

SOBO
1st Floor, Motor House, Hughes Road, above Mercedes Showroon., Mumbai, India 400 007, 
527,Leather wallets with crocodile finish at

SOBO
1st Floor, Motor House, Hughes Road, above Mercedes Showroon., Mumbai, India 400 007, 
526,colourful and funky umbrella by
SOBO
1st Floor, Motor House, Hughes Road, above Mercedes Showroon., Mumbai, India 400 007, 
525,Photo frame by Almari lifestyle, Mumbai, 
524,Photo frame by Almari lifestyles, mumbai, 
523,Photo frame by Almari lifestyles, mumbai, 
522,Trinket box by Almari lifestyles, mumbai, 
521,Trinket box by Almari lifestyles, mumbai, 
520,Ashtray by Almari lifestyles, mumbai, 
519,Ashtray by almari lifestyles, mumbai, 
518,Ashtray by Almari lifestyles, mumbai, 
517,Toy by Almari Lifestyles, Mumbai, 
516,Wall hanging by Alankarik art, Pune, 
515,Tulsi nariyal diya by Alankarik art, Pune, 
514,Tulsi nariyal diya by Alankarik art, Pune, 
513,Designed puja thali by Alankarik art, Pune, 
512,Designed puja thali by Alankarik art, Pune, 
511,Designed puja thali by Alankarik art, pune, 
510,Designed Puja thali by Alankarik art, pune, 
509,Hanging diya by aikya, bangalore, 
508,Diyas by aikya, bangalore, 
507,Diya adorned with kundan stones by aikya, bangalore, 
506,Diya adorned with kundan stones by aikya, bangalore, 
505,Diya adorned with kundan stones by aikya, bangalore, 
504,bejewelled terracotta ganesha by aikya, bangalore, 
503,6 in 1 diya plate by aikya, bangalore, 
502,Pendant from Accede Fashionz, Chennai, 
501,Earrings and pendant by Accede Fashionz, Chennai, 
500,Earrings and pendant by Accede Fashionz, Chennai, 
499,Earrings from Accede Fashions, Chennai, 
498,Bags from 22.2 accessories, Bangalore, 
497,Bags by 22.2 accessories, Bangalore, 
496,Bags from 22.2 accessories, Bangalore, 
495,I luv hyd tshirts by 17dnorth, 
494,Iron man tshirt by 17dnorth, 
493,Mango Mastani Ice cream at Vasav Ice Cream Parlour, NH19 between Mumbai and Goa, 
492,peach apricot ice cream at natural ice cream, 
491,Chicken and veg momos at
Kepchaki Momos
4B Gagangiri Apartments
At TattooStar Collective
Off Carter Road
Near Cafe Coffee Day
Bandra (West)
mumbai
PHONE: 97690 15065, 
490,Kesar pista ice cream at natural ice cream, 
489,Pork momos at
Kepchaki Momos
4B Gagangiri Apartments
At TattooStar Collective
Off Carter Road
Near Cafe Coffee Day
Bandra (West)
mumbai
PHONE: 97690 15065, 
488,Tender coconut ice cream by Natural Ice cream, 
487,Jackfruit ice cream by Natural Ice cream, 
486,Tender coconut ice cream by Natural Ice cream, 
485,Chocolate swirl at Yogurtbay
11 Gagangiri, 
Off Carter Road, Bandra (W), Mumbai.
Next to Citibank ATM., 
484,Mango Swirl at Yogurtbay
11 Gagangiri, 
Off Carter Road, Bandra (W), Mumbai.
Next to Citibank ATM., 
483,Strawberry yogurt at Yogurtbay
11 Gagangiri, 
Off Carter Road, Bandra (W), Mumbai.
Next to Citibank ATM., 
482,Bangalore palace, 
481,White chocolate bars at
Happy endings,
# 79/3 Chowdeshwari Arcade,
Bellandur, Outer Ring Road,
Bangalore 560 103
Ph: +91 80 65467001, 41486568, 
480,Scotch whisky chocolate at
Happy endings,
# 79/3 Chowdeshwari Arcade,
Bellandur, Outer Ring Road,
Bangalore 560 103
Ph: +91 80 65467001, 41486568, 
479,Premium dark chocolate at
Happy endings,
# 79/3 Chowdeshwari Arcade,
Bellandur, Outer Ring Road,
Bangalore 560 103
Ph: +91 80 65467001, 41486568, 
478,Pralines and truffles at
Happy endings,
# 79/3 Chowdeshwari Arcade,
Bellandur, Outer Ring Road,
Bangalore 560 103
Ph: +91 80 65467001, 41486568, 
477,orange vodka chocolate at
Happy endings,
# 79/3 Chowdeshwari Arcade,
Bellandur, Outer Ring Road,
Bangalore 560 103
Ph: +91 80 65467001, 41486568, 
476,Nouggat at
Happy endings,
# 79/3 Chowdeshwari Arcade,
Bellandur, Outer Ring Road,
Bangalore 560 103
Ph: +91 80 65467001, 41486568, 
475,Mint chocolate at
Happy endings,
# 79/3 Chowdeshwari Arcade,
Bellandur, Outer Ring Road,
Bangalore 560 103
Ph: +91 80 65467001, 41486568, 
474,Milk chocolate bar at

Happy endings,
# 79/3 Chowdeshwari Arcade,
Bellandur, Outer Ring Road,
Bangalore 560 103
Ph: +91 80 65467001, 41486568, 
473,Happy endings delite at:
Happy endings,
# 79/3 Chowdeshwari Arcade,
Bellandur, Outer Ring Road,
Bangalore 560 103
Ph: +91 80 65467001, 41486568, 
472,Dark chocolate bar at
Happy endings,
# 79/3 Chowdeshwari Arcade,
Bellandur, Outer Ring Road,
Bangalore 560 103
Ph: +91 80 65467001, 41486568, 
471,Coffee chocolates at
Happy endings,
# 79/3 Chowdeshwari Arcade,
Bellandur, Outer Ring Road,
Bangalore 560 103
Ph: +91 80 65467001, 41486568, 
470,Chocolate peanut butter at
Happy endings,
# 79/3 Chowdeshwari Arcade,
Bellandur, Outer Ring Road,
Bangalore 560 103
Ph: +91 80 65467001, 41486568, 
469,Chilly chocolate at
Happy endings,
# 79/3 Chowdeshwari Arcade,
Bellandur, Outer Ring Road,
Bangalore 560 103
Ph: +91 80 65467001, 41486568, 
468,Cashew truffle at
Happy endings,
# 79/3 Chowdeshwari Arcade,
Bellandur, Outer Ring Road,
Bangalore 560 103
Ph: +91 80 65467001, 41486568, 
467,Caramel chocolates at
Happy endings,
# 79/3 Chowdeshwari Arcade,
Bellandur, Outer Ring Road,
Bangalore 560 103
Ph: +91 80 65467001, 41486568, 
466,Assorted chocolate bars at
Happy endings,
# 79/3 Chowdeshwari Arcade,
Bellandur, Outer Ring Road,
Bangalore 560 103
Ph: +91 80 65467001, 41486568, 
465,Snicker&#039;s shake at
Happy endings,
# 79/3 Chowdeshwari Arcade,
Bellandur, Outer Ring Road,
Bangalore 560 103
Ph: +91 80 65467001, 41486568, 
464,Hazelnut truffle at 
Happy endings, 
# 79/3 Chowdeshwari Arcade,
Bellandur, Outer Ring Road,
Bangalore 560 103
Ph: +91 80 65467001, 41486568, 
463,padh thai and black mushroom with brown sauce at
Ping Restaurant &amp; Desserts Day
#130, 1st cross,
behind sukh sagar,
5th block koramangala,
bengaluru - 560095., 
462,Veg dimsum platter at 
Ping Restaurant &amp; Desserts Day
#130, 1st cross,
behind sukh sagar,
5th block koramangala,
bengaluru - 560095., 
461,Pan fried momo at Wow momos, South City mall, kolkata, 
460,Chocolate momo by Wow momos in Kolkata and Bangalore, 
459,SILK ACCESSORIES &amp; GIFT ITEM -   Blue king size jamevar bed cover, with two pillow covers and 4 cushion covers
90/6 A Mahatma Gandhi Road,
1st Floor, opposite Grace Cinema,
College Street Junction, 
Kolkata 700007
Ph: + 91 33 2241 2779, 
458,SILK ACCESSORIES &amp; GIFT ITEM -   Rust king size jamevar bed cover, with two pillow covers and 4 cushion covers
90/6 A Mahatma Gandhi Road,
1st Floor, opposite Grace Cinema,
College Street Junction, 
Kolkata 700007
Ph: + 91 33 2241 2779, 
457,SILK ACCESSORIES &amp; GIFT ITEM -   Benarasi stole with zari work &amp; meena in green
90/6 A Mahatma Gandhi Road,
1st Floor, opposite Grace Cinema,
College Street Junction, 
Kolkata 700007
Ph: + 91 33 2241 2779, 
456,SILK ACCESSORIES &amp; GIFT ITEM -   Cushion cover with fine minakari work
90/6 A Mahatma Gandhi Road,
1st Floor, opposite Grace Cinema,
College Street Junction, 
Kolkata 700007
Ph: + 91 33 2241 2779, 
455,SILK ACCESSORIES &amp; GIFT ITEM -   Cushion cover with fine minakari work
90/6 A Mahatma Gandhi Road,
1st Floor, opposite Grace Cinema,
College Street Junction, 
Kolkata 700007
Ph: + 91 33 2241 2779, 
454,SILK ACCESSORIES &amp; GIFT ITEM -   Cushion cover with fine minakari work
90/6 A Mahatma Gandhi Road,
1st Floor, opposite Grace Cinema,
College Street Junction, 
Kolkata 700007
Ph: + 91 33 2241 2779, 
453,SILK ACCESSORIES &amp; GIFT ITEM -   Brocade single pocket letter holder - blue color
90/6 A Mahatma Gandhi Road,
1st Floor, opposite Grace Cinema,
College Street Junction, 
Kolkata 700007
Ph: + 91 33 2241 2779, 
452,SILK ACCESSORIES &amp; GIFT ITEM -   Off white and pink resham work benarasi stole usable in a various ways
90/6 A Mahatma Gandhi Road,
1st Floor, opposite Grace Cinema,
College Street Junction, 
Kolkata 700007
Ph: + 91 33 2241 2779, 
451,SILK ACCESSORIES &amp; GIFT ITEM -  Brocade Letter holder with two pockets
90/6 A Mahatma Gandhi Road,
1st Floor, opposite Grace Cinema,
College Street Junction, 
Kolkata 700007
Ph: + 91 33 2241 2779, 
450,SILK ACCESSORIES &amp; GIFT ITEM - Three pocket letter holder of brocade
90/6 A Mahatma Gandhi Road,
1st Floor, opposite Grace Cinema,
College Street Junction, 
Kolkata 700007
Ph: + 91 33 2241 2779, 
449,SILK ACCESSORIES &amp; GIFT ITEM - Brocade Letter holder with two pockets from Indian Silk House
90/6 A Mahatma Gandhi Road,
1st Floor, opposite Grace Cinema,
College Street Junction, 
Kolkata 700007
Ph: + 91 33 2241 2779, 
448,Pochampally silk saree from pochampally.com, 
447,Pochampally silk saree from pochampally.com, 
446,Pochampally silk saree from pochampally.com, 
445,Pochampally silk saree from pochampally.com, 
444,Pochampally silk saree from pochampally.com, 
443,Pochampally silk saree from pochampally.com, 
442,Pochampally silk saree from pochampally.com, 
441,Pochampally silk saree from pochampally.com, 
440,Trisha in Pochampally saree, 
439,PEARL STRING SEED WHITE ONE LINE GRADUATION MALA from Krishna Pearls &amp; Jewellers at 
 6-3-883/2/3, Near Topaz building, Punjagutta, Hyderabad 500082, 
438,Hyderabad pearl necklace by Mangatrai
at
Liberty Cross Road, Basheerbagh and Punjagutta Cross Road in Hyderabad, 
437,Hyderabad pearls by Meena jewellers at
Basheerbagh
Bhabukhan Estate, Basheerbagh
Hyderabad - 500001
Phone: 040-23299509,23237270

Panjagutta
MJ Tower, besides Tanishq
Panjagutta
Hyderabad - 500082
Phone: 040-23417171,23415959, 
436,Hyderabad pearls at Srijagdamba pearls and gold
2-4-26, M.G.Road, Opp. Mahatma Gandhi Statue 
Secunderabad-500003
Phone: 040-66320425, 
435,Golconda Hyderabad, 
434,Hitec City, Hyderabad, 
433,Birla Mandir Hyderabad, 
432,Charminar Hyderabad, 
431,Hussain sagar lake Hyderabad, 
430,Salar jung museum Hyderabad, 
429,Ramoji film city, Hyderabad, 
428,Chicken biryani from paradise hotel, hyderabad, 
427,Metro train in kolkata, 
426,Tram in Kolkata, 
425,Telebhaja at Deckers lane, 
424,Sweets at Decker&#039;s lane Kolkata, 
423,Norom paak gurer sandesh @ shop in Ultadanga, Kolkata, 
422,Jholbhora gurer sandesh @ sweet shop in Ultadanga, Kolkata, 
421,Garlic naan @ Sanjha Chulha, EM bypass, Kolkata, 
420,Chicken Kali Mirch at Sanjha Chulha, EM Bypass, Kolkata, 
419,Phuchka in front of South city mall, Kolkata, 
418,Lemon Tart @ Kookie Jar, South City Mall, Kolkata, 
417,Zafrani thandai mango kulfi at Gupta brothers, Kolkata, 
416,Soan papdi at Gupta brothers, Kolkata, 
415,Cheese corn cutlet at Gupta Brothers, Kolkata, 
414,Fishfry, Mughlai paratha at Bawarchi, Ajaynagar, Kolkata, 
413,Katti rolls at Kusum Snack bar, Park Street, Kolkata, 
412,Momos at hamro momo, Lala Lajpat Rai Sarani, Kolkata, 
411,Momo plaza, Lala lajpat rai sarani, Kolkata, 
410,Chicken momos at Momo plaza in Lala Lajpat Rai Sarani, Kolkata, 
409,Prawns at Mahesh Lunch home, Mumbai, 
408,Pomfret at Mahesh lunch home, Mumbai, 
407,Lobsters at Mahesh Lunch home, Mumbai, 
406,Fish at Mahesh Lunch Home, Mumbai, 
405,Fish at Mahesh Lunch home, Mumbai, 
404,Fish at Mahesh lunch home, Mumbai, 
403,Crabs at Mahesh Lunch Home, Mumbai, 
402,Juices and milkshakes at  Bachelorr&#039;s, Chowpatty Sea Face, opposite Birla Krida Kendra, near Charni Rd station, Mumbai
Ph: +91 22 2368 1408, 
401,Channa bhatura at Cream Centre, Fulchand Niwas 25/B Chowpatty Sea Face, Mumbai

Ph: +91 22 2367 9222, 
400,Kheema Pav at Olympia Coffee House, Rahim Mansion, 1 SB Singh Rd, Colaba, Mumbai
Ph: +91 22 2202 1043, 
399,Bhel Puri atSharmajee&#039;s and Badshah&#039;s, Chowpatty Beach, near Charni Road station, Mumbai, 
398,Chicken Tikka Roll at Bademiya, Tulloch Rd, Apollo Bunder, Colaba, Mumbai, 
397,Pani Puri at  Elco Pani Puri Centre, 2/A Elco Market, 46 Hill Rd, Bandra West, Mumbai
Ph: +91 22 2645 7677,, 
396,Vada Pav at Anand, opposite Mithibai College, Gulmohar Road, Vile Parle West, Mumbai, 
395,Kebabs at Sarvi, Sarvi, 184/196 Dimtimkar Road, opposite Nagpada Police Station, Byculla West, Mumbai
+91 98 3353 3305, 
394,Pav Bhaji at Sardar&#039;s ardeo Road Junction, Tulsiwadi, near Tardeo bus depot, Mumbai, 
393,UNDER COVER LINGERIE Black Knee High Stocking from mylace.in, 
392,Kalamkari earrings by 10 fingers! paper jewellery, chennai, 
391,Kalamkari leaf earrings by 10 fingers! paper jewellery, chennai, 
390,Kalamkari vegetable dye jewellery by 10 fingers paper jewellery, chennai, 
389,Special mumbai style by Usha &amp; Ekta Shah, Chaupaty, Band stand, Mumbai, 
388,Special mumbai style by Usha &amp; Ekta Shah, Chaupaty, Band stand, Mumbai, 
387,Zardozi mehndi design by Usha &amp; Ekta Shah, Chaupaty, Band stand, Mumbai, 
386,Zardozi mehndi design by Usha &amp; Ekta Shah, Chaupaty, Band stand, Mumbai, 
385,Mehndi designs by Rahul Mehandi arts, mumbai, 
384,Mehndi designs by Rahul Mehandi arts, mumbai, 
383,Mehndi designs by Rahul Mehandi arts, mumbai, 
382,Mehndi designs by Rahul Mehandi arts, mumbai, 
381,Mehndi designs by Rahul Mehandi arts, mumbai, 
380,Mehndi designs by Rahul Mehandi arts, mumbai, 
379,Mehndi designs by Rahul Mehandi arts, mumbai, 
378,Mehndi designs by Rahul Mehandi arts, mumbai, 
377,Mehndi designs by Rahul Mehandi arts, mumbai, 
376,Mehndi designs by Rahul Mehandi arts, mumbai, 
375,Mehndi designs by Rahul Mehandi arts, mumbai, 
374,Mehndi designs by Rahul Mehandi arts, mumbai, 
373,Mehndi designs by Rahul Mehandi arts, mumbai, 
372,Mehndi designs by Rahul Mehandi arts, mumbai, 
371,Mehndi designs by Rahul Mehandi arts, mumbai, 
370,Mehndi designs by Rahul Mehandi arts, mumbai, 
369,Pendant at Tribal Route	
Cottage Number 18 Aram Nagar 2, J.P. Road, (Versova Beach Road) Versova, Andheri (West), Mumbai, India 400 061, 
368,Earrings at Tribal Route	
Cottage Number 18 Aram Nagar 2, J.P. Road, (Versova Beach Road) Versova, Andheri (West), Mumbai, India 400 061, 
367,Earrings at Tribal Route	
Cottage Number 18 Aram Nagar 2, J.P. Road, (Versova Beach Road) Versova, Andheri (West), Mumbai, India 400 061, 
366,Earrings at Tribal Route	
Cottage Number 18 Aram Nagar 2, J.P. Road, (Versova Beach Road) Versova, Andheri (West), Mumbai, India 400 061, 
365,Earrings at Tribal Route	
Cottage Number 18 Aram Nagar 2, J.P. Road, (Versova Beach Road) Versova, Andheri (West), Mumbai, India 400 061, 
364,Earrings at Tribal Route	
Cottage Number 18 Aram Nagar 2, J.P. Road, (Versova Beach Road) Versova, Andheri (West), Mumbai, India 400 061, 
363,Earrings at Tribal Route	
Cottage Number 18 Aram Nagar 2, J.P. Road, (Versova Beach Road) Versova, Andheri (West), Mumbai, India 400 061, 
362,Tshirt at Tribal Route	
Cottage Number 18 Aram Nagar 2, J.P. Road, (Versova Beach Road) Versova, Andheri (West), Mumbai, India 400 061, 
361,Miscellaneous Handicrafts at Tribal Route	
Cottage Number 18 Aram Nagar 2, J.P. Road, (Versova Beach Road) Versova, Andheri (West), Mumbai, India 400 061, 
360,Zardozi mehndi designs by Pushpa mehndi arts, Bannerghata, Bangalore, 
359,Traditional mehndi designs by Pushpa mehndi arts, Bannerghata, Bangalore, 
358,Rajasthani mehndi style by Pushpa mehndi arts, Bannerghata, Bangalore, 
357,Marwari mehndi style by Pushpa mehndi arts, Bannerghata, Bangalore, 
356,Kolkata mehndi style by Pushpa mehndi arts, Bannerghata, Bangalore, 
355,Integrate mehndi style by Pushpa mehndi arts, Bannerghata, Bangalore, 
354,Indo Arabic style by Pushpa mehndi arts, Bannerghata, Bangalore, 
353,Glitter mehndi designs by Pushpa mehndi arts, Bannerghata, Bangalore, 
352,Bombay mehndi style by Pushpa mehndi arts, Bannerghata, Bangalore, 
351,Arabic mehndi designs by Pushpa mehndi arts, Bannerghata, Bangalore, 
350,Mehndi Design by Rashmi Jain, Kolkata, 
349,Mehndi designs by Rashmi Jain, Kolkata, 
348,Mehndi designs by Rashmi Jain, Kolkata, 
347,Mehndi design for your hands, 
346,Mehndi design for your hands, 
345,Mehndi design for your hands, 
344,Mehndi design for your hands, 
343,Mehndi design for your hands, 
342,Mehndi design, 
341,Mehndi design for hands, 
340,Mehndi designs for hands, 
339,Mehndi design for your hands, 
338,Mehndi designs for your hands, 
337,Perfect box for candles, jewelry, watches, lamps, chocolates ...  by the paper-thingie, 
336,Christmas wreath box - Perfect box for candles, jewelry, watches, lamps, chocolates ...  
By The paper-thingie, 
335,Divine eyes - Perfect box for candles, jewelry, watches, lamps, chocolates ...  
By The paper-thingie, 
334,Paper box from The paper thingie, 
333,Paper box from The Paper Thingie, 
332,Miscellaneous from The Paper Thingie, 
331,Earrings from the paper thingie, 
330,Gift box from The Paper Thingie, 
329,Orange Kulfi near Vardhan market Kolkata, 
328,Ice creams at Cream &amp; Fudge factory, Kolkata, 
327,Pizza Salame at Fire and Ice Pizzeria Kolkata, 
326,Penne Arrabbiata at Fire and Ice Pizzeria, Kolkata, 
325,Insalata Caprese at Fire and Ice Pizzeria, Kolkata, 
324,Veg chelo kabab at Peter Cat Park street, kolkata, 
323,Chelo kabab at Peter Cat, Park street, kolkata, 
322,Chelo kabab at Peter Cat, Park street, Kolkata, 
321,fish a la meuniere at Mocambo, Park street, kolkata, 
320,Cold chicken with salad at Mocambo, park street, kolkata, 
319,Chicken a la kiev at Mocambo, park street, kolkata, 
318,Baked Alaska at Mocambo, Park Street, Kolkata, 
317,Pastries from the bakery world bangalore, 
316,Cakes by The Bakery World Bangalore, 
315,Auto Raja Bobble Head by Tappu ki dukaan mumbai, 
314,Bobby The Bobblehead by Tappu ki dukaan mumbai, 
313,Beer Belly Mug by Tappu ki dukaan mumbai, 
312,Beer Hug Mug by Tappu ki dukaan Mumbai, 
311,The ludo tray by Tappu ki dukaan mumbai, 
310,Vodka Glasses from Tappu ki dukaan mumbai, 
309,Chocolate Fondue Set Prado by Tappu ki dukaan Mumbai, 
308,Chocolate Fondue Set Safari, 
307,Chocolate Fondue Set Sweety by Tappu ki dukaan, Mumbai, 
306,Chocolate Fondue Set Frida by Tappu ki dukaan, Mumbai, 
305,Farmland alarm clock from Tappu ki Dukaan Mumbai, 
304,Scratch n roll - mouse pad with an erasable writing surface from Tappu ki dukaan, 
303,Khaan artifacts - Bags by Smile - Pune&#039;s handicrafts store, 
302,Khaan artifacts - bags by Smile - Pune&#039;s handicraft store, 
301,Khaan artifacts - Mobile cases, more bags and small money pouches by Smile - Pune&#039;s artifact store, 
300,Khaan artifacts - Lovely batwas from Smile - Pune&#039;s handicraft store, 
299,Khaan artifiacts - Batwa by Smile - Pune&#039;s handicraft store, 
298,Khaan artifacts - Files and folders by Smile - Pune&#039;s handicraft store, 
297,Handmade paper products by Smile - Pune&#039;s handicrafts store, 
296,Miscellaneous handicrafts including coasters, decoratives, frames by Smiles - Pune&#039;s handicraft store, 
295,Silk n brocade from Smile - Pune&#039;s handicraft store, 
294,Bed covers by Smile - Pune&#039;s handicraft store, 
293,Unnayan Golden Grass or Kaincha handicrafts from Orissa, 
292,MAdhubani photo frames by Vidushini Bangalore, 
291,Madhubani painting - Christmas bells in Madhubani style by Vidushini, Bangalore, 
290,Mr Striptease tissue roll dispenser by My Liliput army, Delhi - NCR, 
289,Mr T Ray Tea Trays by My liliput army, Delhi - NCR, 
288,Mr Mind it fridge magnets from My liliput army, Delhi - NCR, 
287,Mr Big Head to keep paper napkins in place by My liliput army, NCR - Delhi, 
286,Mr prick tooth prick holders by my liliput army, Delhi - NCR, 
285,Mr Elevate Cooking Spoon rest from My liliput army, Delhi - NCR, India, 
284,gujarat rathwa painting from artsoftheearthindia.com, 
283,Assam folk paintings from artsoftheearthindia.com, 
282,Santhal paintings from artsoftheearthindia.com, 
281,Kalamkari paintings from artoftheearthindia.com, 
280,Gond paintings from artsoftheearthindia.com, 
279,Gond painting from artsoftheearthindia.com, 
278,chaksudan painting from artsoftheearthindia.com, 
277,chaksudan painting from artsoftheearthindia.com, 
276,chaksudan paintings from artsoftheearthindia.com, 
275,Madhubani paintings from artsoftheearth.com, 
274,Madhubani paintings from artsoftheearthindia.com, 
273,Madhubani paintings from artsoftheearthindia.com, 
272,Warli painting by artsoftheearthindia.com, 
271,Warli painting from Artsoftheearthindia.com, 
270,Red Nazar Key Cover by Chumbak, 
269,Purple Cow Key Cover by Chumbak, 
268,Ganesha Key Cover by Chumbak, 
267,Auto Raja Key Cover by Chumbak, 
266,Coconut Man Zipper Pull by Chumbak, 
265,Bandar Zipper Pull from Chumbak, 
264,Auto Raja Zipper Pull by Chumbak, 
263,Turbans Boxer Shorts by Chumbak, 
262,Pehelwan Boxer Shorts by Chumbak, 
261,Nazar Boxer Shorts by Chumbak, 
260,Maharani Boxer Shorts by Chumbak, 
259,Kamasutra in a Car Boxer Shorts by Chumbak, 
258,Funky Auto Boxer Shorts by Chumbak, 
257,Chess Pyar Vyar Boxer Shorts by Chumbak, 
256,Kye cushions available at Masala Chai Store Chennai, 
255,Badges by Locopopo, 
254,Ikat mugs by Locopopo, 
253,Drainage Coasters by locopopo, 
252,I love you coasters by Locopopo, 
251,Desi charm pendants from Pop-Att, 
250,Studded Leggings by Pop-Att, 
249,Mr Pop- Puppet Necklace by Pop-Att, 
248,Match- Make Earrings 3 in 1 Make You own pair. From Pop-att, 
247,Happy Feet Necklace by Pop-att, 
246,Tshirts by Cheapsex, 
245,Cheapsex Unisex Boxers, 
244,Cheapsex unisex boxers, 
243,The vintage soda pinup girls collections - timepieces and cushions., 
242,Amitabh Bacchan bag by Soda. Available at Masala Chai Store Chennai, 
241,Time pieces by Soda. Available at Masala Chai store Chennai, 
240,Elvis Presley Cushion by Soda. Available at Masala Chai store Chennai, 
239,Danglers by Suman Mishra available at Masala Chai store Chennai, 
238,Jewellery by Suman Mishra available at Masala Chai Store Chennai, 
237,Tshirts by Pigflower Bangalore. Available at Masala Chai store chennai, 
236,Scarves and stoles by free spirit Bangalore. Available at Masala Chai Store, Chennai, 
235,Clutches by Rachana Reddy available at Masala Chai Store Chennai, 
234,Jayesh Sivan flip flop chappals. Available at Masala Chai store Chennai, 
233,MAgnets by Kya Cheez Hai, Bangalore. Available at Masala Chai Store, Chennai, 
232,USB by Kya cheez hai, Bangalore. Available at Masala Chai Store, Chennai, 
231,USB by Kya cheez hai, Bangalore. Available at Masala Chai Store, Chennai, 
230,Paperclips / bookmarks by Kya Cheez Hai, Bangalore. Available at Masala Chai Store, Chennai, 
229,Notebook by Item Number, Mumbai. Available at Masala Chai Store, Chennai, 
228,Purse by Item number, Mumbai. Available at Masala Chai store, Chennai, 
227,Bags by Item Number, Mumbai. Available at Masala Chai Store, Chennai, 
226,Tote-ally shopping bags made from bio-degradable organic cotton. Available at Masala Chai Store, Chennai, 
225,Hangakong wall hanging by Flints from Imprintz Studio Pondicherry. Available at Masala Chai Store, Chennai, 
224,funky graphic handmade paper products named Digitalklong by Flints from Imprintz studio, Pondicherry. Available at Masala Chai Store, Chennai, 
223,Shoes by Diana Linda. Available at Masala Chai Store, Chennai, 
222,Exquisite Jewelry by Caitanya. Available at Masala Chai Online, Chennai, 
221,Learning Tools by Tsunamika, 
220,Chess game from Tsunamika, 
219,Wall hangings from Tsunamika, 
218,Tsu stickers from Tsunamika, 
217,Paper decorations from Tsunamika, 
216,Frames from Tsunamika, 
215,Decorations from Tsunamika, 
214,Thank you cards from Tsunamika, 
213,Thank you cards by Tsunamika, 
212,Scribble on stickers from Tsunamika, 
211,Dangling cards from Tsunamika, 
210,Dangling cards from Tsunamika, 
209,Greeting card from Tsunamika, 
208,Tops from Tsunamika, 
207,Spaghetti top from Tsunamika, 
206,Bags from Tsunamika, 
205,pen stand from recylced materials by Thunk in india, 
204,CD case from recycled materials by Thunk in India, 
203,Blinds from recylced polythene carry bags by Thunk in India, 
202,Laptop cases from recycled materials by Thunk in India, 
201,Shopping bag from Thunk in India, 
200,convertible bag by Thunk in india, 
199,Square pack from polythene carry bags by Thunk in India, 
198,Shoulder purse made from polythene carry bags by Thunk in India, 
197,Hand bag(purse) made from polythene bags by Thunk in India, 
196,Sling bag by Thunk in india
Materials Used - polythene carry bags, 
195,Dak Bangla Chess Set by PortsideCafe, 
194,Dak Bangla Backgammon set by PortsideCafe, 
193,Dak Bangla Bridge Set by Portside Cafe, 
192,Mehfil e bahar Coffee table by PortsideCafe, 
191,Hughes Road Float Table by PortsideCafe, 
190,Dak Bangla Coffee Table by PortsideCafe, 
189,Hughes Road Gondola by Portside Cafe, 
188,Dak Bangla Card Table by PortsideCafe, 
187,Balli Maran Coffee Table by PortsideCafe, 
186,Dak Bangla Sleigh Coffee Table by PortsideCafe, 
185,Dak Bangla Lego Dining Table by PortsideCafe, 
184,Dak Bangla Console by PortsideCafe, 
183,Dak Bangla Coffee Table by PortsideCafe, 
182,Dak Bangla Side Table by PortsideCafe, 
181,Chair by Firdos Furnishers Nagpur, 
180,Modern Frame Chair by Firdos Furnishers, Nagpur, 
179,Wooden Cycle by Firdos Furnishers, 
178,Rocking chair by Firdos Furnishers Nagpur, 
177,Rocking chair by Firdos Furnishers Nagpur, 
176,Creative chair by Firdos Furnishers Nagpur, 
175,Dining Set by Firdos Furnishers, Nagpur, 
174,Bed designs by Firdos Furnishers, Nagpur, 
173,Bed designs by Firdos Furnitures, Nagpur, 
172,Sofa designs by Firdos Furnitures Nagpur, 
171,Sofa designs by Firdos Furnishers Nagpur, 
170,Chairs from Firdos Furnishers Nagpur, 
169,Miscellaneous home decor stuff from Fluke Design Company Mumbai, 
168,Cushion covers and bags by Fluke design company Mumbai, 
167,Furniture - center and side table by Fluke Design Company Mumbai, 
166,Bags from Fluke Design Company Mumbai, 
165,Art prints by Fluke Design Company Mumbai, 
164,Tiffin lamp from Loose Ends Bandra Mumbai, 
163,Flora and fauna lamps from Loose Ends Bandra Mumbai, 
162,Clocks by Loose Ends Bandra Mumbai, 
161,Plasticine clay art by Carl Savio, 
160,Cushions from All things pretty New delhi, 
159,Classic black cushions from All things pretty New Delhi, 
158,Crewel love - Kashmiri embroidery on an 18x18 cushion, 
157,Maroon brocade paisley cushion cover from All Things Pretty New Delhi, 
156,Magenta brocade paisley cushion covers from All Things Pretty, New Delhi, 
155,Green brocade paisley cushion cover from All Things Pretty, New Delhi, 
154,Black brocade paisley cushion cover from All Things Pretty New Delhi, 
153,Vanilla Cube Pastry from Flury&#039;s Park street Kolkata, 
152,Truffle cake from Flury&#039;s Park street Kolkata, 
151,Strawberry Cube Pastry from Flury&#039;s Park street kolkata, 
150,Rumball from Flury&#039;s Park street kolkata, 
149,Plain cake, 
148,Pineapple Cube Pastry from Flury&#039;s Park Street Kolkata, 
147,Monalisa Slide Pastry from Flury&#039;s, Park Street, Kolkata, 
146,Fresh Cream Pineapple Cake from Flury&#039;s, Park Street, Kolkata, 
145,Fresh Cream Black Forest from Flury&#039;s Park Street Kolkata, 
144,Chocolate Short Bread Pastry from Flury&#039;s Park Street, Kolkata, 
143,Chocolate Cube Pastry from Flury&#039;s Park Street Kolkata, 
142,Chocolate Cube Pastry from Flury&#039;s Park Street Kolkata, 
141,Blueberry cheese cake from Flury&#039;s Park Street Kolkata, 
140,Baba Pastry from Flury&#039;s, Park Street, Kolkata, 
139,Almond Horse Shoe from Flury&#039;s, Park Street, Kolkata, 
138,Almond Cube Pastry from Flury&#039;s, Park Street, Kolkata, 
137,Sofa designs from Kian furniture, MG Road, Bangalore, 
136,Sofa designs from Kian furniture, MG Road, Bangalore, 
135,Sofa designs from Kian furniture, MG Road, Bangalore, 
134,Sofa design from Kian furniture, MG Road, Bangalore, 
133,Sofa designs from Kian furniture, MG Road, Bangalore, 
132,Polypropylene chairs from Kian furniture, MG Road, Bangalore, 
131,Crystal chairs from Kian furniture at MG Road, Bangalore, 
130,Booster juice at Inorbit mall, Hyderabad, 
129,Frozen yogurt at berry cool, 
128,Mango Frozen yogurt at Kiwi Kiss, 
127,Frozen yogurt at Kiwi Kiss, 
126,Frozen yogurts at Yogurberry, 
125,Yogurberry, Phoenix Mall, Mumbai, 
124,Strawberry yogurt
Blueberry yogurt with blackberries
wildberry toppings frozen yogurt
at Cocoberry, 
123,Strawberry yogurt with fresh kiwis
Alfonso Yogurt with mango
Green apple yogurt with blackberries
 at Cocoberry, 
122,Berry blast frozen yogurt at Cocoberry, 
121,Madagascar Vanilla Frozen Yogurt at Red Mango, Ambience Mall, Vasant Kunj, NCR, 
120,Samsung galaxy tab file upload test, 
119,These are traditional japanese dining furniture design, and a nice choice for people who like to decorate their home on minimalist Japanese style. These dining  set featuring Zaisu chairs which are popular as traditional Japanese seating that have a back and cushion, but no legs., 
118,Contemporary bookshelf designs to transform your home decor. Designs from the world’s best designers, that will inspire and provide new and fresh ideas for your home., 
117,Neev herbal handmade soap - almond rose, 
116,Paper photo frames from Kagzi industries, Japiur, Rajasthan, 
115,Chocolates from Five Pods Chocolates, Jayanagar, Bangalore, 
114,Uttarkashi bottoms ladies yoga pants, 
113,Uttarkashi Ladies Yoga top, 
112,Rishikesh Top Yoga wear, 
111,Bamboo clothing t shirt by Do U Speak Green, 
110,SHAPE YOUR STORY
Draw to tell
Age: 5 years and up

Shape your Story brings a twist to oral storytelling. Unleash your creativity by changing shapes into objects/ characters or whatever you wish and make thousand combinations of stories.
Have fun with the marker and turn your square into a window, a triangle, a mountain with a snow tip and your circle a lolly. Use the special pens, wipe away with wet cloth and start over!
The possibilities are endless; all you need is a bit of imagination! Use your drawn objects on the cards to weave a story. Shape your object and create tales that you will never forget!
Be a storyteller with a difference!
SKILL DEVELOPMENT
Language: Oral Expression
Visual-Spatial:Drawing Skills
Artistic Imagination
Creative Thinking
CONTAINS
• 	1 Shape Die
• 	2 Number Dice
• 	36 Shape Cards (3 shapes x 12)
• 	70 tiles with individual letter
• 	Whiteboard Marker
• 	1 Wipe Cloth
ECO CARE
• 	TThis product is hand crafted using wood and non-toxic inks.
• 	It is printed with soy-based ink and phthalate-free lamination on recycled paper., 
109,A set of intriguing statements/questions on diverse topics to spark conversations in families with children between 6-12 years of age. The cards help you to connect better with your kids by bringing forth their thoughts, opinions, desires and dreams.
Just draw a card, read the prompt and let the fun begin. Shake things up, think ‘out of the box’, and have a little fun in the process. Your talks will never be the same again!
Happy Mealtime comes with recipe cards and activity ideas to make meals a special occasion. Shop for ingredients and cook a meal together using simple recipes and have memorable conversations over a meal. Or simply use the cards anywhere on the go!
A Family needs a dash of time and a pinch of creativity with a cup of
hug and kisses.

SKILL DEVELOPMENT
• 	Language
• 	Higher order thinking
• 	Social-Emotional
• 	Life skills-planning, responsibility

CONTAINS
• 	50 conversation cards
• 	5 recipe cards
• 	5 shopping lists
• 	5 activity cards

ECO CARE
This product is hand crafted in low formaldehyde MDF (Class E1). It is printed with soy-based ink and phthalate-free lamination on recycled paper, 
108,Lotus dark chocolate, 
107,Liquor Truffles by Jus&#039; Trufs, 
106,LIqueur Truffles
Price Rs. 440, 
105,Belgian Style Pralines (Box of 6)
Price Rs 330, 
104,Belgian Style Pralines - Make Your Own Box

Price: Rs 330, 
103,Tea Cozies by Chamong, 
102,Chamong Darjeeling Organic Spring Tea, 
101,Chamong Darjeeling Organic Monsoon Tea, 
100,Chamong Darjeeling Organic Green Tea, 
99,Netted Ice Bucket at Kraftinn, 
98,Bamboo Jute Lamp at Kraftinn, 
97,Rupam on the rocks by Rupak Islam at Oxford Bookstore, Leela Palace, The Leela Galleria, 23 Airport Road, Bengaluru 560 008, 
96,Strawberry cheese cake at blueberry bakery bangalore, 
95,Pineapple cheese cake at Blueberry bakery, bangalore, 
94,Irish coffee cakes at Blueberry Bakery, 
93,Blueberry cheese cake at Blueberry Bakery, Bangalore, 
92,Mixtures at Gangotree, 
91,Sandwich at Gangotree, 
90,Samosa, masala muri and chaat at Gangotree, 
89,Badaam Peda, Gulab Jamun, Kaju barfi, Motichoor ke laddu at Gangotree, 
88,Snacks at Mithai, Syed Amir Ali Avenue in Kolkata, 
87,Samosa at Tewari brothers, 
86,Wrought iron sofa from Steelux furnitures. Stores located at B.B Ganguly Street, Rabindra Sarani, oppo Poddar Court, Bentik Street (Near Lal Bazar Crossing), Salt Lake City, (Near CAP Camp), Bhupendra Bose Avenue, (Near Shyambazar 5 point crossing) in Kolkata, 
85,Kitchen designs from Unique Wood, Chennai, 
84,Jazzy Toes baby socks., 
83,Wall mounting masks from Kumbham, Kerala, 
81,Here is the data inside new form that uses Ajax file uploader from Valums and twitter bootstrap library for effects.Here is the data inside new form that uses Ajax file uploader from Valums and twitter bootstrap library for effects.Here is the data inside new form that uses Ajax file uploader from Valums and twitter bootstrap library for effects.Here is the data inside new form that uses Ajax file uploader from Valums and twitter bootstrap library for effects.Here is the data inside new form that uses Ajax file uploader from Valums and twitter bootstrap library for effects., 
80,Vidya Balan red silk saree from Sareeoutlet.com, 
79,Kareena Kapoor Georgette Anarkali churidaar from Sareeoutlet.com, 
78,Candle holder from 48etikay.com, 
77,Cupcakes from cup-a-cake, Bangalore, 
76,Black forest muffins from Sinamon, Bangalore, 
75,Message in a bottle from Anokhi planet, Bangalore, 
74,Gourmet Jams from Nature in a bottle, Bangalore, 
73,Organdy curtains from Loose Ends, Mumbai, 
72,Fabric placemats by Loose Ends, Mumbai, 
71,Magnetic blackboard by Enthucutlets, Bangalore, 
70,Bedspreads from the Yellow Store, Bangalore, 
69,African Jute bags by The Yellow Button, Bangalore, 
68,Warli painting, 
67,, 
66,Kathakali mask by Kumbham, Kerala, 
65,Wall mountings cricket by Kumbham, Kerala, 
64,Buddha mask by Kumbham, Kerala, 
63,Virgin white Rosette Bath mat by AA Living, Mumbai, 
62,Tuscan Ogee by AA Living, Mumbai, 
61,Swarovski Parisian white flower Photo Frame by AA Living, Mumbai, 
60,Swarovski Parisian white flower Candle Stand by AA Living, Mumbai, 
59,Swarovski encrusted Twilight Bloom Tissue box holder and dustbin by AA Living, Mumbai, 
58,Swarovski encrusted Tall standing candle stands by AA Living, Mumbai, 
57,Swarovski encrusted Black bloom Candle Stand by AA Living, Mumbai, 
56,Swarovski encrusted Black Bloom - Tissue box holder and Photo frame by AA Living, Mumbai, 
55,Starburst Swirl from AA Living, Mumbai, 
54,Satin Knot accent cushion by AA Living, Mumbai, 
53,Parisienne bird cage by AA Living, Mumbai, 
52,Mother of pearl photo frames by AA Living, Mumbai, 
51,Long Fleur De Lis Victorian Carved Mirror by AA Living, Mumbai, 
50,Handmade mulberry origami lampshade by AA Living, Mumbai, 
49,Hand painted art on Teak lacquered trays by AA Living, Mumbai, 
48,Fleurir rose cushion from AA Living, Mumbai, 
47,Bibzy Ceramic Doggy Bank from AA Living, Mumbai, 
46,Vasundara brass magic lamps from The Purple Turtles, Bangalore, 
45,Chanapatna lamps from The Purple Turtles, Bangalore, 
44,Chanapatna lamps from The Purple Turtles, Bangalore, 
43,Chanapatna Lamps from The Purple Turtles, Bangalore, 
42,Test from samsung galaxy tab android gingerbread. The flash select box does not work, 
41,Test from samsung galaxy tab android gingerbread. The flash select box does not work, 
40,Jhumkas from 10 fingers paper jewellery, 
39,The leaf earring paper jewellery at The Natural Store, Coimbatore, 
38,Dhoti style bottoms at cbazaar, 
37,Mangalsutra jewelry at cbazaar, 
36,Polki necklace at cbazaar.in, 
35,Bolywood inspired necklace sets at cbazaar.in, 
34,Silver earrings from cbazaar.in, 
33,Signity earrings from cbazaar.in, 
32,Chandelier earrings at cbazaar.in, 
31,Polki earrings at cbazaar.in, 
30,Kundan ear rings at cbazaar.in, 
29,Lehenga cholis at cbazaar.in, 
28,Anarkali readymade salwar at cbazaar.in, 
27,Ravishing Off White Saree at Cbazaar.in for INR Rs25335, 
26,Ethnic closet sarees at Jabong.com, 
25,Designer sarees at Jabong.com by Manish Malhotra, Satya Paul, Sahi Poshak, Archana Kochar and others., 
24,Excellent malai sandesh at Ganguram Kalighat Kolkata, 
23,This sample is from - Firefox in My Linux Mint VM - Amazing to know that flash works - as it is - I had not expected so ... we should degrade nicely on other machines w/o flash, 
22,Here I am typing my cool long title for RAD Fashion images. After some time I do not even know what I am typing anymore!, 
20,sample share description sample share description sample share description sample share description sample share description sample share description sample share description sample share description sample share description sample share description sample share description sample share description sample share description sample share description sample share description sample share description sample share description sample share description sample share description sample share description sample share description sample share description sample share description, 
19,I&#039;m looking amongst Tata Sky, Airtel, dish tv, videocon., 
18,, 
17,Hi recently I saw David Beckham holding his girl in an elf hoodie. Can i Get that some where in bangalore or maybe order online in India?, 
16,My Nokia 7210 phone music player is not working and saying no response, try again when I am trying to play a youtube video. But when it was new, it was alright. It has new software version 7.23, RM-436. I have tried all internet streaming settings but still it says no response try again. Why? Please help., 
15,Where can find an alternative to this pram in Kolkata? I have searched the mamas and papas pram in Kolkata but it is not available., 
14,, 
13,What is the difference between LED and LCD TVs?, 
12,Amongst these jewelries which one would you like to gift your girlfriend or wife?, 
11,, 
10,What is the price of jewelry listed here?
https://janeojewels.com/product/viewFullSized.asp?fn=13956.jpg&amp;pid=2291&amp;f_img=f_img, 
9,Where can I buy flower dress for my daughter close to Ganguly Bagan Kolkata? My daughter is 10 yrs old., 
8,Where do I get wool pants in India? Do Raymond sell wool pants? Or any other stores sell some good quality pants not necessarily being wool. Thanks in advance., 
7,Where can I find Mamas and Papas baby carrier in Kolkata? What would be the approximate price?

If it is not available in any store, is there any place where I can order online for shipping to my place? What would be the import taxes and shipping charges applicable? I have seen this with my sister so have no issues buying online., 
6,Where can I find the kundan necklace that Kareena Kapoor is wearing at Agent Vinod&#039;s launch party?, 
5,Where can I get Barbie dresses like Katrina here?, 
4,Where can I find kundan necklace in Kolkata like the one Kareena was wearing at Agent Vinod launch party?, 
3,Hiya there, which of the evening dress looks good and should be sent as a gift?, 
1,Sample test question about baby prams Sample test question about baby prams Sample test question about baby prams Sample test question about baby prams Sample test question about baby prams Sample test question about baby prams Sample test question about baby prams Sample test question about baby prams Sample test question about baby prams Sample test question about baby prams Sample test question about baby prams Sample test question about baby prams, 
